"idx","in_time","out_time","location"
2353,"2017-02-01 10:08:21","2017-02-01 10:11:22","P1"
2354,"2017-02-01 10:11:30","2017-02-01 10:13:18","P2"
2355,"2017-02-01 10:23:01","2017-02-01 10:28:40","O1"
2356,"2017-02-01 10:29:02","2017-02-01 10:30:30","C5"
2357,"2017-02-01 10:31:12","2017-02-01 10:32:48","T1"
2358,"2017-02-01 10:32:50","2017-02-01 10:34:22","T1"
2359,"2017-02-01 10:36:21","2017-02-01 10:42:16","O2"
2360,"2017-02-01 10:46:18","2017-02-01 10:51:59","C1"
2361,"2017-02-01 10:56:46","2017-02-01 11:01:31","P1"
2362,"2017-02-01 11:04:07","2017-02-01 11:09:31","O2"
2363,"2017-02-01 11:09:50","2017-02-01 11:13:28","O1"
2364,"2017-02-01 11:14:31","2017-02-01 11:20:54","P2"
2365,"2017-02-01 11:21:21","2017-02-01 11:25:31","T1"
2366,"2017-02-01 11:25:32","2017-02-01 11:29:48","T1"
2367,"2017-02-01 11:29:50","2017-02-01 11:30:55","T1"
2368,"2017-02-01 11:32:10","2017-02-01 11:42:26","P2"
2369,"2017-02-01 11:50:04","2017-02-01 11:54:28","C7"
2370,"2017-02-01 11:55:01","2017-02-01 11:56:21","P2"
2371,"2017-02-01 11:56:29","2017-02-01 11:58:06","P2"
2372,"2017-02-01 11:59:17","2017-02-01 12:02:25","T1"
2373,"2017-02-01 12:05:25","2017-02-01 12:12:05","C8"
2374,"2017-02-01 12:12:23","2017-02-01 12:13:46","C7"
2375,"2017-02-01 12:14:16","2017-02-01 12:19:25","P2"
2376,"2017-02-01 12:19:48","2017-02-01 12:30:51","T1"
2377,"2017-02-01 12:31:28","2017-02-01 12:31:59","C4"
2378,"2017-02-01 12:32:34","2017-02-01 12:36:24","T1"
2379,"2017-02-01 12:37:06","2017-02-01 12:59:44","C4"
2380,"2017-02-01 13:00:03","2017-02-01 13:00:31","C7"
2381,"2017-02-01 13:00:48","2017-02-01 13:01:06","O2"
2382,"2017-02-02 10:05:27","2017-02-02 10:09:08","C2"
2383,"2017-02-02 10:09:31","2017-02-02 10:11:17","P1"
2384,"2017-02-02 10:15:08","2017-02-02 10:23:31","C4"
2385,"2017-02-02 10:26:09","2017-02-02 10:28:42","P1"
2386,"2017-02-02 10:29:16","2017-02-02 10:33:11","C4"
2387,"2017-02-02 10:33:24","2017-02-02 10:36:16","C2"
2388,"2017-02-02 10:36:28","2017-02-02 10:41:11","C1"
2389,"2017-02-02 10:41:26","2017-02-02 10:42:31","C4"
2390,"2017-02-02 10:42:45","2017-02-02 10:45:57","C1"
2391,"2017-02-02 10:49:31","2017-02-02 10:52:46","C1"
2392,"2017-02-02 10:53:01","2017-02-02 11:06:15","C1"
2393,"2017-02-02 11:10:01","2017-02-02 11:11:24","O2"
2394,"2017-02-02 11:11:26","2017-02-02 11:12:36","O2"
2395,"2017-02-02 11:12:40","2017-02-02 11:16:48","O2"
2396,"2017-02-02 11:16:50","2017-02-02 11:17:39","O2"
2397,"2017-02-02 11:17:59","2017-02-02 11:18:10","P2"
2398,"2017-02-02 11:24:46","2017-02-02 11:40:19","O2"
2399,"2017-02-02 11:40:39","2017-02-02 11:47:10","C3"
2400,"2017-02-02 11:47:23","2017-02-02 11:49:32","C2"
2401,"2017-02-02 11:49:58","2017-02-02 11:54:09","P1"
2402,"2017-02-02 11:54:26","2017-02-02 11:55:29","O2"
2403,"2017-02-02 11:55:48","2017-02-02 12:02:01","C2"
2404,"2017-02-02 12:02:11","2017-02-02 12:05:28","C2"
2405,"2017-02-02 12:05:42","2017-02-02 12:06:15","C1"
2406,"2017-02-02 12:06:46","2017-02-02 12:12:01","C2"
2407,"2017-02-02 12:12:16","2017-02-02 12:25:57","C1"
2408,"2017-02-02 12:26:16","2017-02-02 12:28:31","C2"
2409,"2017-02-02 12:29:10","2017-02-02 12:34:08","O2"
2410,"2017-02-02 12:34:09","2017-02-02 12:35:27","O2"
2411,"2017-02-02 12:35:46","2017-02-02 12:36:33","P2"
2412,"2017-02-02 12:36:51","2017-02-02 12:37:40","P1"
2413,"2017-02-02 12:38:20","2017-02-02 12:39:59","C4"
2414,"2017-02-02 12:40:30","2017-02-02 12:48:30","T1"
2415,"2017-02-02 12:50:31","2017-02-02 13:01:41","O1"
2416,"2017-02-02 13:02:51","2017-02-02 13:03:05","C6"
2417,"2017-02-02 13:12:57","2017-02-02 13:14:09","P1"
2418,"2017-02-02 13:14:27","2017-02-02 13:18:38","O1"
2419,"2017-02-03 10:10:47","2017-02-03 10:11:31","C6"
2420,"2017-02-03 10:11:35","2017-02-03 10:14:28","C6"
2421,"2017-02-03 10:14:46","2017-02-03 10:18:06","C7"
2422,"2017-02-03 10:18:24","2017-02-03 10:21:15","C6"
2423,"2017-02-03 10:21:23","2017-02-03 10:23:48","C6"
2424,"2017-02-03 10:30:40","2017-02-03 10:34:02","T1"
2425,"2017-02-03 10:34:04","2017-02-03 10:36:15","T1"
2426,"2017-02-03 10:37:09","2017-02-03 10:38:17","C1"
2427,"2017-02-03 10:38:41","2017-02-03 10:40:39","O2"
2428,"2017-02-03 10:40:43","2017-02-03 10:43:11","O2"
2429,"2017-02-03 10:44:07","2017-02-03 10:46:48","C1"
2430,"2017-02-03 10:46:57","2017-02-03 10:50:17","C1"
2431,"2017-02-03 10:50:31","2017-02-03 10:51:26","C2"
2432,"2017-02-03 10:52:51","2017-02-03 10:56:05","C3"
2433,"2017-02-03 10:56:10","2017-02-03 11:00:26","C3"
2434,"2017-02-03 11:00:41","2017-02-03 11:02:44","C1"
2435,"2017-02-03 11:03:28","2017-02-03 11:22:24","C2"
2436,"2017-02-03 11:22:58","2017-02-03 11:34:06","C1"
2437,"2017-02-03 11:34:10","2017-02-03 11:35:37","C1"
2438,"2017-02-03 11:35:48","2017-02-03 11:37:56","C6"
2439,"2017-02-03 11:38:14","2017-02-03 11:48:21","C2"
2440,"2017-02-03 11:48:36","2017-02-03 11:51:36","C1"
2441,"2017-02-03 11:51:41","2017-02-03 11:52:32","C1"
2442,"2017-02-03 11:52:34","2017-02-03 11:55:24","C1"
2443,"2017-02-03 11:55:31","2017-02-03 11:57:06","C1"
2444,"2017-02-03 11:57:21","2017-02-03 12:02:00","O1"
2445,"2017-02-03 12:02:19","2017-02-03 12:05:59","C6"
2446,"2017-02-03 12:10:41","2017-02-03 12:36:01","C3"
2447,"2017-02-03 12:36:24","2017-02-03 12:43:23","C2"
2448,"2017-02-03 12:43:37","2017-02-03 12:51:56","C3"
2449,"2017-02-06 15:02:40","2017-02-06 15:09:41","C2"
2450,"2017-02-06 15:12:18","2017-02-06 15:17:48","C1"
2451,"2017-02-06 15:19:17","2017-02-06 15:24:09","C3"
2452,"2017-02-06 15:24:43","2017-02-06 15:25:02","P2"
2453,"2017-02-06 15:25:18","2017-02-06 15:26:49","P1"
2454,"2017-02-06 15:27:15","2017-02-06 15:32:16","C3"
2455,"2017-02-06 15:32:47","2017-02-06 15:33:28","O2"
2456,"2017-02-06 15:34:05","2017-02-06 15:36:01","C4"
2457,"2017-02-06 15:36:18","2017-02-06 15:45:24","C3"
2458,"2017-02-06 15:45:55","2017-02-06 15:46:32","T1"
2459,"2017-02-06 15:49:01","2017-02-06 15:49:43","O2"
2460,"2017-02-06 15:50:03","2017-02-06 15:51:56","P2"
2461,"2017-02-06 15:52:05","2017-02-06 15:53:15","P1"
2462,"2017-02-06 15:53:50","2017-02-06 16:03:13","C4"
2463,"2017-02-06 16:11:24","2017-02-06 16:16:51","P1"
2464,"2017-02-06 16:19:49","2017-02-06 16:27:30","C4"
2465,"2017-02-06 16:36:56","2017-02-06 16:37:44","C4"
2466,"2017-02-06 16:40:28","2017-02-06 16:45:04","C4"
2467,"2017-02-06 16:45:26","2017-02-06 17:06:56","C6"
2468,"2017-02-06 16:51:26","2017-02-06 16:56:45","C7"
2469,"2017-02-06 16:56:52","2017-02-06 17:05:47","C7"
2470,"2017-02-06 17:05:58","2017-02-06 17:14:36","C8"
2471,"2017-02-06 17:14:51","2017-02-06 17:16:46","C6"
2472,"2017-02-07 10:06:13","2017-02-07 10:08:46","C2"
2473,"2017-02-07 10:16:42","2017-02-07 10:35:53","C4"
2474,"2017-02-07 10:36:21","2017-02-07 10:38:00","C7"
2475,"2017-02-07 10:38:33","2017-02-07 10:39:48","C5"
2476,"2017-02-07 10:40:11","2017-02-07 10:47:20","C7"
2477,"2017-02-07 10:47:38","2017-02-07 10:50:06","C2"
2478,"2017-02-07 10:50:36","2017-02-07 10:52:07","C7"
2479,"2017-02-07 10:52:31","2017-02-07 10:55:45","C5"
2480,"2017-02-07 10:57:11","2017-02-07 10:59:18","P2"
2481,"2017-02-07 10:59:28","2017-02-07 10:59:55","P2"
2482,"2017-02-07 11:01:02","2017-02-07 11:08:07","C5"
2483,"2017-02-07 11:09:53","2017-02-07 11:24:49","C7"
2484,"2017-02-07 11:25:11","2017-02-07 11:27:45","C5"
2485,"2017-02-07 11:28:23","2017-02-07 11:29:32","C8"
2486,"2017-02-07 11:33:29","2017-02-07 11:35:20","C6"
2487,"2017-02-07 11:35:44","2017-02-07 11:39:15","C5"
2488,"2017-02-07 11:41:24","2017-02-07 11:42:10","C5"
2489,"2017-02-07 11:42:26","2017-02-07 11:56:04","C8"
2490,"2017-02-07 11:56:31","2017-02-07 11:59:39","C5"
2491,"2017-02-07 12:01:56","2017-02-07 12:15:02","C8"
2492,"2017-02-07 12:15:10","2017-02-07 12:15:50","C8"
2493,"2017-02-07 12:16:09","2017-02-07 12:17:27","C3"
2494,"2017-02-07 12:17:44","2017-02-07 12:22:38","C6"
2495,"2017-02-07 12:23:08","2017-02-07 12:49:17","P1"
2496,"2017-02-07 12:49:51","2017-02-07 12:49:59","C3"
2497,"2017-02-07 13:05:32","2017-02-07 13:32:41","C3"
2498,"2017-02-08 10:07:28","2017-02-08 10:08:18","P1"
2499,"2017-02-08 10:08:35","2017-02-08 10:09:51","P2"
2500,"2017-02-08 10:10:20","2017-02-08 10:15:15","C1"
2501,"2017-02-08 10:23:36","2017-02-08 10:26:38","C1"
2502,"2017-02-08 10:32:34","2017-02-08 10:38:01","C6"
2503,"2017-02-08 10:40:53","2017-02-08 10:41:34","P1"
2504,"2017-02-08 10:47:20","2017-02-08 10:48:15","C1"
2505,"2017-02-08 10:48:17","2017-02-08 10:49:56","C1"
2506,"2017-02-08 10:50:22","2017-02-08 10:51:06","P1"
2507,"2017-02-08 10:57:56","2017-02-08 11:00:37","T1"
2508,"2017-02-08 11:01:36","2017-02-08 11:01:45","P1"
2509,"2017-02-08 11:15:01","2017-02-08 11:15:59","C8"
2510,"2017-02-08 11:19:51","2017-02-08 11:23:38","C8"
2511,"2017-02-08 11:23:58","2017-02-08 11:30:39","C2"
2512,"2017-02-08 11:36:05","2017-02-08 11:36:25","P2"
2513,"2017-02-08 11:36:46","2017-02-08 11:41:29","O2"
2514,"2017-02-08 11:41:52","2017-02-08 11:42:23","P2"
2515,"2017-02-08 11:45:54","2017-02-08 11:49:30","C2"
2516,"2017-02-08 11:49:59","2017-02-08 12:03:13","C8"
2517,"2017-02-08 12:04:40","2017-02-08 12:05:55","C2"
2518,"2017-02-08 12:05:23","2017-02-08 12:07:43","P1"
2519,"2017-02-08 12:14:59","2017-02-08 12:16:40","O1"
2520,"2017-02-08 12:22:02","2017-02-08 12:24:39","P2"
2521,"2017-02-08 12:25:08","2017-02-08 12:33:08","O1"
2522,"2017-02-08 12:34:37","2017-02-08 12:35:15","P2"
2523,"2017-02-08 12:35:20","2017-02-08 12:39:07","P2"
2524,"2017-02-08 12:39:30","2017-02-08 12:40:13","T1"
2525,"2017-02-08 12:41:05","2017-02-08 12:45:37","T1"
2526,"2017-02-09 10:05:14","2017-02-09 10:06:01","P1"
2527,"2017-02-09 10:06:11","2017-02-09 10:08:04","P2"
2528,"2017-02-09 10:08:27","2017-02-09 10:11:07","A2"
2529,"2017-02-09 10:11:42","2017-02-09 10:13:07","C2"
2530,"2017-02-09 10:13:31","2017-02-09 10:14:16","P1"
2531,"2017-02-09 10:18:46","2017-02-09 10:22:29","P2"
2532,"2017-02-09 10:46:35","2017-02-09 10:49:26","C2"
2533,"2017-02-09 10:49:28","2017-02-09 10:51:33","C2"
2534,"2017-02-09 10:52:00","2017-02-09 11:09:29","P1"
2535,"2017-02-09 11:09:38","2017-02-09 11:09:53","P2"
2536,"2017-02-09 11:10:30","2017-02-09 11:10:51","C2"
2537,"2017-02-09 11:11:09","2017-02-09 11:11:38","T1"
2538,"2017-02-09 11:11:51","2017-02-09 11:14:45","O2"
2539,"2017-02-09 11:18:10","2017-02-09 11:25:56","C2"
2540,"2017-02-09 11:26:11","2017-02-09 11:31:21","C4"
2541,"2017-02-09 11:31:41","2017-02-09 11:33:38","C6"
2542,"2017-02-09 11:33:43","2017-02-09 11:35:10","C6"
2543,"2017-02-09 11:35:26","2017-02-09 11:37:41","C2"
2544,"2017-02-09 11:38:07","2017-02-09 11:39:56","P1"
2545,"2017-02-09 11:40:20","2017-02-09 11:43:24","C2"
2546,"2017-02-09 11:44:10","2017-02-09 11:50:50","P1"
2547,"2017-02-09 11:51:41","2017-02-09 12:05:13","C8"
2548,"2017-02-09 12:05:47","2017-02-09 12:07:27","P2"
2549,"2017-02-09 12:07:38","2017-02-09 12:10:29","P1"
2550,"2017-02-09 12:13:41","2017-02-09 12:15:36","O1"
2551,"2017-02-09 12:15:51","2017-02-09 12:28:33","C2"
2552,"2017-02-09 12:29:03","2017-02-09 12:29:32","P1"
2553,"2017-02-09 12:36:17","2017-02-09 12:41:31","C3"
2554,"2017-02-09 12:42:02","2017-02-09 12:47:10","P1"
2555,"2017-02-09 12:47:39","2017-02-09 12:48:55","C6"
2556,"2017-02-09 12:59:28","2017-02-09 13:00:11","C1"
2557,"2017-02-10 10:15:20","2017-02-10 10:17:32","C2"
2558,"2017-02-10 10:17:43","2017-02-10 10:19:21","C1"
2559,"2017-02-10 10:20:20","2017-02-10 10:22:19","T1"
2560,"2017-02-10 10:22:44","2017-02-10 10:27:44","C2"
2561,"2017-02-10 10:27:46","2017-02-10 10:30:18","C2"
2562,"2017-02-10 10:30:30","2017-02-10 10:33:21","C3"
2563,"2017-02-10 10:33:26","2017-02-10 10:36:31","C3"
2564,"2017-02-10 10:37:03","2017-02-10 10:38:22","T1"
2565,"2017-02-10 10:38:46","2017-02-10 10:46:32","C1"
2566,"2017-02-10 10:48:11","2017-02-10 10:58:27","T1"
2567,"2017-02-10 10:59:00","2017-02-10 11:00:18","C4"
2568,"2017-02-10 11:00:28","2017-02-10 11:02:07","C1"
2569,"2017-02-10 11:02:31","2017-02-10 11:06:15","O1"
2570,"2017-02-10 11:06:21","2017-02-10 11:10:50","O1"
2571,"2017-02-10 11:11:09","2017-02-10 11:15:10","C2"
2572,"2017-02-10 11:15:12","2017-02-10 11:17:03","C2"
2573,"2017-02-10 11:17:21","2017-02-10 11:23:34","C1"
2574,"2017-02-10 11:23:55","2017-02-10 11:25:17","C5"
2575,"2017-02-10 11:25:29","2017-02-10 11:29:01","C4"
2576,"2017-02-10 11:29:03","2017-02-10 11:29:37","C4"
2577,"2017-02-10 11:30:16","2017-02-10 11:32:59","O1"
2578,"2017-02-10 11:33:03","2017-02-10 11:36:58","O1"
2579,"2017-02-10 11:37:35","2017-02-10 11:39:23","C5"
2580,"2017-02-10 11:39:32","2017-02-10 11:40:49","C5"
2581,"2017-02-10 11:43:47","2017-02-10 11:44:38","C5"
2582,"2017-02-10 11:55:28","2017-02-10 11:56:57","O2"
2583,"2017-02-10 11:57:52","2017-02-10 12:05:04","C5"
2584,"2017-02-10 12:05:32","2017-02-10 12:07:08","O2"
2585,"2017-02-10 12:07:56","2017-02-10 12:10:30","C2"
2586,"2017-02-10 12:20:08","2017-02-10 12:21:34","C2"
2587,"2017-02-10 12:21:55","2017-02-10 12:30:27","O1"
2588,"2017-02-10 12:30:31","2017-02-10 12:32:54","O1"
2589,"2017-02-10 12:33:21","2017-02-10 12:34:20","T1"
2590,"2017-02-10 12:34:51","2017-02-10 12:45:52","O2"
2591,"2017-02-10 12:46:12","2017-02-10 13:00:08","C2"
2592,"2017-02-10 13:00:37","2017-02-10 13:02:22","T1"
2593,"2017-02-10 13:02:30","2017-02-10 13:03:50","T1"
2594,"2017-02-10 13:04:16","2017-02-10 13:20:09","O1"
2595,"2017-02-10 13:20:30","2017-02-10 13:24:47","T1"
2596,"2017-02-10 13:25:08","2017-02-10 13:31:30","O2"
2597,"2017-02-10 13:31:42","2017-02-10 13:41:15","O1"
2598,"2017-02-10 13:41:21","2017-02-10 13:44:06","O1"
2599,"2017-02-10 13:44:17","2017-02-10 13:53:22","C2"
2600,"2017-02-13 10:06:32","2017-02-13 10:08:08","C1"
2601,"2017-02-13 10:08:10","2017-02-13 10:11:01","C1"
2602,"2017-02-13 10:11:26","2017-02-13 10:15:32","C3"
2603,"2017-02-13 10:15:47","2017-02-13 10:17:05","C2"
2604,"2017-02-13 10:18:20","2017-02-13 10:22:05","C4"
2605,"2017-02-13 10:22:40","2017-02-13 10:24:50","T1"
2606,"2017-02-13 10:25:11","2017-02-13 10:28:40","P1"
2607,"2017-02-13 10:29:09","2017-02-13 10:39:36","C2"
2608,"2017-02-13 10:39:57","2017-02-13 10:42:11","C5"
2609,"2017-02-13 10:42:29","2017-02-13 10:43:50","C1"
2610,"2017-02-13 10:44:14","2017-02-13 11:00:48","P1"
2611,"2017-02-13 11:01:10","2017-02-13 11:02:01","T1"
2612,"2017-02-13 11:02:05","2017-02-13 11:03:29","T1"
2613,"2017-02-13 11:05:21","2017-02-13 11:07:23","O2"
2614,"2017-02-13 11:07:27","2017-02-13 11:10:19","O2"
2615,"2017-02-13 11:10:37","2017-02-13 11:11:48","C6"
2616,"2017-02-13 11:12:09","2017-02-13 11:18:18","C5"
2617,"2017-02-13 11:18:32","2017-02-13 11:32:04","C1"
2618,"2017-02-13 11:32:49","2017-02-13 11:34:18","C3"
2619,"2017-02-13 11:34:37","2017-02-13 11:35:40","O2"
2620,"2017-02-13 11:39:11","2017-02-13 11:43:40","C6"
2621,"2017-02-13 11:43:57","2017-02-13 11:48:11","C3"
2622,"2017-02-13 11:48:33","2017-02-13 12:03:31","O2"
2623,"2017-02-13 12:03:53","2017-02-13 12:06:20","C6"
2624,"2017-02-13 12:06:46","2017-02-13 12:08:07","C5"
2625,"2017-02-13 12:08:35","2017-02-13 12:11:10","C6"
2626,"2017-02-13 12:11:28","2017-02-13 12:17:04","C2"
2627,"2017-02-13 12:17:56","2017-02-13 12:18:36","T1"
2628,"2017-02-13 12:18:38","2017-02-13 12:19:35","T1"
2629,"2017-02-13 12:20:15","2017-02-13 12:32:47","C5"
2630,"2017-02-13 12:33:13","2017-02-13 12:34:58","O1"
2631,"2017-02-13 12:35:12","2017-02-13 12:36:35","C6"
2632,"2017-02-13 12:38:45","2017-02-13 12:39:52","O2"
2633,"2017-02-14 10:16:30","2017-02-14 10:18:02","C3"
2634,"2017-02-14 10:19:14","2017-02-14 10:21:43","O1"
2635,"2017-02-14 10:26:22","2017-02-14 10:27:46","C2"
2636,"2017-02-14 10:27:49","2017-02-14 10:28:46","C2"
2637,"2017-02-14 10:29:03","2017-02-14 10:36:17","O1"
2638,"2017-02-14 10:36:30","2017-02-14 10:37:02","C3"
2639,"2017-02-14 10:37:08","2017-02-14 10:44:37","C3"
2640,"2017-02-14 10:44:51","2017-02-14 11:01:09","O1"
2641,"2017-02-14 11:01:48","2017-02-14 11:03:38","C2"
2642,"2017-02-14 11:03:48","2017-02-14 11:04:17","C2"
2643,"2017-02-14 11:04:21","2017-02-14 11:14:03","C2"
2644,"2017-02-14 11:14:26","2017-02-14 11:15:26","T1"
2645,"2017-02-14 11:15:28","2017-02-14 11:16:27","T1"
2646,"2017-02-14 11:16:55","2017-02-14 11:24:52","O1"
2647,"2017-02-14 11:25:05","2017-02-14 11:26:04","C2"
2648,"2017-02-14 11:26:27","2017-02-14 11:28:10","C8"
2649,"2017-02-14 11:28:12","2017-02-14 11:30:03","C8"
2650,"2017-02-14 11:30:10","2017-02-14 11:31:04","C8"
2651,"2017-02-14 11:31:19","2017-02-14 11:33:31","C6"
2652,"2017-02-14 11:33:54","2017-02-14 11:37:05","C5"
2653,"2017-02-14 11:37:19","2017-02-14 11:38:19","C3"
2654,"2017-02-14 11:38:33","2017-02-14 11:39:30","C2"
2655,"2017-02-14 11:41:59","2017-02-14 11:42:56","P2"
2656,"2017-02-14 11:43:06","2017-02-14 11:43:48","P2"
2657,"2017-02-14 11:44:31","2017-02-14 12:15:27","O1"
2658,"2017-02-14 12:16:24","2017-02-14 12:19:01","C2"
2659,"2017-02-14 12:19:06","2017-02-14 12:19:45","C2"
2660,"2017-02-14 12:20:10","2017-02-14 12:22:03","P1"
2661,"2017-02-14 12:22:07","2017-02-14 12:23:00","P1"
2662,"2017-02-14 12:26:20","2017-02-14 12:28:51","O1"
2663,"2017-02-14 12:30:01","2017-02-14 12:41:12","O1"
2664,"2017-02-14 12:41:45","2017-02-14 12:44:39","C6"
2665,"2017-02-14 12:44:58","2017-02-14 12:58:42","C3"
2666,"2017-02-15 10:18:33","2017-02-15 10:19:58","C6"
2667,"2017-02-15 10:35:59","2017-02-15 10:36:28","T1"
2668,"2017-02-15 10:47:04","2017-02-15 10:48:53","O2"
2669,"2017-02-15 10:58:42","2017-02-15 11:00:46","O2"
2670,"2017-02-15 11:10:08","2017-02-15 11:12:01","T1"
2671,"2017-02-15 11:27:56","2017-02-15 11:30:53","O2"
2672,"2017-02-15 11:31:15","2017-02-15 11:34:28","C4"
2673,"2017-02-15 11:34:58","2017-02-15 11:37:26","T1"
2674,"2017-02-15 11:37:36","2017-02-15 11:38:27","C6"
2675,"2017-02-15 11:38:51","2017-02-15 11:42:33","O2"
2676,"2017-02-15 11:49:51","2017-02-15 11:51:29","C4"
2677,"2017-02-15 11:51:51","2017-02-15 12:14:58","O1"
2678,"2017-02-15 12:16:35","2017-02-15 12:21:19","C7"
2679,"2017-02-15 12:21:36","2017-02-15 12:22:25","C3"
2680,"2017-02-15 12:22:49","2017-02-15 12:29:55","C7"
2681,"2017-02-15 12:30:51","2017-02-15 12:47:00","O1"
2682,"2017-02-16 10:16:17","2017-02-16 10:17:19","O2"
2683,"2017-02-16 10:17:31","2017-02-16 10:20:12","O2"
2684,"2017-02-16 10:20:45","2017-02-16 10:24:22","C2"
2685,"2017-02-16 10:43:38","2017-02-16 10:46:36","O1"
2686,"2017-02-16 10:46:42","2017-02-16 10:56:58","O1"
2687,"2017-02-16 11:13:50","2017-02-16 11:18:32","O1"
2688,"2017-02-16 11:18:46","2017-02-16 11:20:42","O2"
2689,"2017-02-16 11:20:52","2017-02-16 11:25:59","O2"
2690,"2017-02-16 11:26:25","2017-02-16 11:28:23","T1"
2691,"2017-02-16 11:28:27","2017-02-16 11:29:01","T1"
2692,"2017-02-16 11:29:20","2017-02-16 11:31:06","C2"
2693,"2017-02-16 11:31:18","2017-02-16 11:32:44","C2"
2694,"2017-02-16 11:32:58","2017-02-16 11:36:02","O2"
2695,"2017-02-16 11:35:21","2017-02-16 11:39:38","P1"
2696,"2017-02-16 11:39:53","2017-02-16 11:44:01","O2"
2697,"2017-02-16 11:44:20","2017-02-16 11:49:39","O1"
2698,"2017-02-16 11:55:17","2017-02-16 11:56:51","P2"
2699,"2017-02-16 12:10:28","2017-02-16 12:15:04","T1"
2700,"2017-02-16 12:15:27","2017-02-16 12:23:32","C1"
2701,"2017-02-16 12:23:56","2017-02-16 12:29:59","T1"
2702,"2017-02-16 12:30:15","2017-02-16 12:31:50","P1"
2703,"2017-02-16 12:32:14","2017-02-16 12:50:50","C1"
2704,"2017-02-17 10:14:37","2017-02-17 10:16:24","C4"
2705,"2017-02-17 10:16:28","2017-02-17 10:16:39","C4"
2706,"2017-02-17 10:18:00","2017-02-17 10:18:46","C2"
2707,"2017-02-17 10:22:35","2017-02-17 10:29:37","C6"
2708,"2017-02-17 10:29:46","2017-02-17 10:30:44","C6"
2709,"2017-02-17 10:31:01","2017-02-17 10:32:21","C3"
2710,"2017-02-17 10:32:28","2017-02-17 10:33:16","C3"
2711,"2017-02-17 10:33:27","2017-02-17 10:36:23","C1"
2712,"2017-02-17 10:36:51","2017-02-17 10:48:26","C2"
2713,"2017-02-17 10:51:57","2017-02-17 10:53:21","C7"
2714,"2017-02-17 10:53:36","2017-02-17 10:59:41","C2"
2715,"2017-02-17 10:59:56","2017-02-17 11:02:59","C2"
2716,"2017-02-17 11:11:59","2017-02-17 11:21:01","P2"
2717,"2017-02-17 11:26:04","2017-02-17 11:28:31","C2"
2718,"2017-02-17 11:28:43","2017-02-17 11:29:48","C1"
2719,"2017-02-17 11:31:09","2017-02-17 11:35:40","C1"
2720,"2017-02-17 11:35:54","2017-02-17 11:37:14","C2"
2721,"2017-02-17 11:37:38","2017-02-17 11:43:57","T1"
2722,"2017-02-17 11:44:24","2017-02-17 11:45:46","C1"
2723,"2017-02-17 11:46:08","2017-02-17 11:52:06","C1"
2724,"2017-02-17 11:52:23","2017-02-17 11:54:30","C2"
2725,"2017-02-17 11:54:44","2017-02-17 11:59:34","C4"
2726,"2017-02-17 11:59:47","2017-02-17 12:04:52","C5"
2727,"2017-02-17 12:05:10","2017-02-17 12:09:02","C1"
2728,"2017-02-17 12:09:45","2017-02-17 12:13:41","O2"
2729,"2017-02-17 12:14:00","2017-02-17 12:18:30","C2"
2730,"2017-02-17 12:18:46","2017-02-17 12:25:10","C5"
2731,"2017-02-17 12:25:47","2017-02-17 12:29:22","T1"
2732,"2017-02-17 12:40:59","2017-02-17 12:43:16","C1"
2733,"2017-02-17 12:43:20","2017-02-17 12:44:19","C1"
2734,"2017-02-17 12:44:25","2017-02-17 12:55:37","C1"
2735,"2017-02-17 12:55:50","2017-02-17 12:56:43","C3"
2736,"2017-02-17 12:56:54","2017-02-17 12:58:07","C2"
2737,"2017-02-17 12:58:23","2017-02-17 13:09:20","C1"
2738,"2017-02-17 13:09:32","2017-02-17 13:10:26","C2"
2739,"2017-02-17 13:10:33","2017-02-17 13:12:04","C2"
2740,"2017-02-17 13:18:07","2017-02-17 13:37:18","C2"
2741,"2017-02-20 14:41:15","2017-02-20 14:41:38","C3"
2742,"2017-02-20 14:42:07","2017-02-20 14:48:24","C1"
2743,"2017-02-20 14:50:30","2017-02-20 14:51:17","P2"
2744,"2017-02-20 14:51:26","2017-02-20 14:52:08","P1"
2745,"2017-02-20 14:53:29","2017-02-20 15:00:58","C1"
2746,"2017-02-20 15:07:37","2017-02-20 15:09:57","C2"
2747,"2017-02-20 15:11:04","2017-02-20 15:15:35","O2"
2748,"2017-02-20 15:17:28","2017-02-20 15:20:16","C2"
2749,"2017-02-20 15:20:40","2017-02-20 15:21:15","C7"
2750,"2017-02-20 15:21:18","2017-02-20 15:23:36","C7"
2751,"2017-02-20 15:23:53","2017-02-20 15:25:06","O2"
2752,"2017-02-20 15:25:11","2017-02-20 15:32:27","C2"
2753,"2017-02-20 15:32:47","2017-02-20 15:34:33","C7"
2754,"2017-02-20 15:34:51","2017-02-20 15:45:26","O2"
2755,"2017-02-20 15:45:42","2017-02-20 15:47:20","C6"
2756,"2017-02-20 16:00:27","2017-02-20 16:06:23","C1"
2757,"2017-02-20 16:06:53","2017-02-20 16:08:24","P1"
2758,"2017-02-20 16:08:50","2017-02-20 16:15:56","C1"
2759,"2017-02-20 16:16:17","2017-02-20 16:33:49","P2"
2760,"2017-02-20 16:34:23","2017-02-20 16:45:32","P2"
2761,"2017-02-20 16:45:36","2017-02-20 16:46:27","P2"
2762,"2017-02-20 16:46:54","2017-02-20 16:49:37","P2"
2763,"2017-02-20 16:50:04","2017-02-20 16:54:07","6"
2764,"2017-02-20 16:58:54","2017-02-20 16:59:51","O2"
2765,"2017-02-20 17:00:40","2017-02-20 17:01:18","7"
2766,"2017-02-20 17:03:10","2017-02-20 17:07:50","P2"
2767,"2017-02-20 17:08:15","2017-02-20 17:08:41","T1"
2768,"2017-02-20 17:08:52","2017-02-20 17:11:25","T1"
2769,"2017-02-20 17:11:30","2017-02-20 17:13:19","T1"
2770,"2017-02-22 14:34:45","2017-02-22 14:35:24","P1"
2771,"2017-02-22 14:35:52","2017-02-22 14:40:22","C7"
2772,"2017-02-22 14:40:47","2017-02-22 14:42:16","C4"
2773,"2017-02-22 14:46:30","2017-02-22 14:48:22","T1"
2774,"2017-02-22 14:48:31","2017-02-22 14:49:54","T1"
2775,"2017-02-22 14:50:19","2017-02-22 14:56:34","C7"
2776,"2017-02-22 14:56:53","2017-02-22 15:00:45","C1"
2777,"2017-02-22 15:11:01","2017-02-22 15:15:54","C3"
2778,"2017-02-22 15:16:30","2017-02-22 15:26:45","O2"
2779,"2017-02-22 15:28:26","2017-02-22 15:33:25","C3"
2780,"2017-02-22 15:33:56","2017-02-22 15:34:57","C4"
2781,"2017-02-22 15:39:17","2017-02-22 15:42:17","P2"
2782,"2017-02-22 15:45:00","2017-02-22 15:45:22","C3"
2783,"2017-02-22 15:56:22","2017-02-22 15:59:02","P2"
2784,"2017-02-22 15:59:15","2017-02-22 16:00:01","P1"
2785,"2017-02-22 16:00:20","2017-02-22 16:00:58","T1"
2786,"2017-02-22 16:01:24","2017-02-22 16:04:00","C2"
2787,"2017-02-22 16:10:38","2017-02-22 16:14:47","O2"
2788,"2017-02-22 16:15:05","2017-02-22 16:15:57","P1"
2789,"2017-02-22 16:16:19","2017-02-22 16:21:38","C1"
2790,"2017-02-22 16:21:45","2017-02-22 16:30:18","C1"
2791,"2017-02-22 16:30:52","2017-02-22 16:34:37","P2"
2792,"2017-02-22 16:34:51","2017-02-22 16:36:04","P1"
2793,"2017-02-22 16:36:22","2017-02-22 16:38:04","T1"
2794,"2017-02-23 10:09:53","2017-02-23 10:11:03","P1"
2795,"2017-02-23 10:11:41","2017-02-23 10:14:43","C5"
2796,"2017-02-23 10:24:35","2017-02-23 10:27:14","C2"
2797,"2017-02-23 10:30:44","2017-02-23 10:32:37","P2"
2798,"2017-02-23 10:41:17","2017-02-23 10:42:11","P1"
2799,"2017-02-23 10:43:25","2017-02-23 10:51:27","T1"
2800,"2017-02-23 10:52:04","2017-02-23 10:56:14","P2"
2801,"2017-02-23 10:56:27","2017-02-23 10:57:34","P1"
2802,"2017-02-23 10:58:02","2017-02-23 11:06:46","C2"
2803,"2017-02-23 11:07:18","2017-02-23 11:11:08","P1"
2804,"2017-02-23 11:15:14","2017-02-23 11:17:18","O2"
2805,"2017-02-23 11:18:41","2017-02-23 11:20:05","C3"
2806,"2017-02-23 11:20:17","2017-02-23 11:23:21","C4"
2807,"2017-02-23 11:23:25","2017-02-23 11:26:08","C4"
2808,"2017-02-23 11:26:38","2017-02-23 11:28:40","O1"
2809,"2017-02-23 11:29:21","2017-02-23 11:31:39","C8"
2810,"2017-02-23 11:31:57","2017-02-23 11:32:33","C6"
2811,"2017-02-23 11:33:30","2017-02-23 11:38:12","C4"
2812,"2017-02-23 11:38:43","2017-02-23 11:39:38","P2"
2813,"2017-02-23 11:40:07","2017-02-23 11:45:53","C6"
2814,"2017-02-23 11:46:20","2017-02-23 11:47:39","P2"
2815,"2017-02-23 11:48:05","2017-02-23 11:50:01","O1"
2816,"2017-02-23 11:50:07","2017-02-23 11:51:45","O1"
2817,"2017-02-23 11:52:11","2017-02-23 11:55:42","C8"
2818,"2017-02-23 11:56:07","2017-02-23 12:02:30","C7"
2819,"2017-02-23 12:02:41","2017-02-23 12:03:07","O1"
2820,"2017-02-23 12:03:34","2017-02-23 12:05:54","P1"
2821,"2017-02-23 12:06:17","2017-02-23 12:13:01","O2"
2822,"2017-02-23 12:13:05","2017-02-23 12:13:42","O2"
2823,"2017-02-23 12:14:07","2017-02-23 12:14:25","C7"
2824,"2017-02-23 12:14:41","2017-02-23 12:15:30","C1"
2825,"2017-02-23 12:15:42","2017-02-23 12:20:42","C3"
2826,"2017-02-23 12:20:53","2017-02-23 12:24:32","C2"
2827,"2017-02-23 12:24:44","2017-02-23 12:32:26","O1"
2828,"2017-02-23 12:35:17","2017-02-23 12:52:47","O2"
2829,"2017-02-23 12:53:04","2017-02-23 12:54:54","C7"
2830,"2017-02-24 10:08:46","2017-02-24 10:10:35","C1"
2831,"2017-02-24 10:10:42","2017-02-24 10:12:13","C1"
2832,"2017-02-24 10:12:57","2017-02-24 10:14:02","O1"
2833,"2017-02-24 10:14:14","2017-02-24 10:16:29","C2"
2834,"2017-02-24 10:16:42","2017-02-24 10:17:39","C1"
2835,"2017-02-24 10:18:54","2017-02-24 10:24:21","O1"
2836,"2017-02-24 10:24:45","2017-02-24 10:26:59","P2"
2837,"2017-02-24 10:27:29","2017-02-24 10:33:44","C3"
2838,"2017-02-24 10:34:15","2017-02-24 10:35:51","P1"
2839,"2017-02-24 10:36:06","2017-02-24 10:38:01","T1"
2840,"2017-02-24 10:38:05","2017-02-24 10:39:34","T1"
2841,"2017-02-24 10:40:04","2017-02-24 10:43:40","C6"
2842,"2017-02-24 10:44:11","2017-02-24 10:53:32","C6"
2843,"2017-02-24 10:53:56","2017-02-24 11:07:48","C3"
2844,"2017-02-24 11:08:16","2017-02-24 11:09:02","C2"
2845,"2017-02-24 11:09:32","2017-02-24 11:12:16","P2"
2846,"2017-02-24 11:12:53","2017-02-24 11:17:01","O1"
2847,"2017-02-24 11:18:14","2017-02-24 11:27:16","C4"
2848,"2017-02-24 11:27:41","2017-02-24 11:39:10","C6"
2849,"2017-02-24 11:39:38","2017-02-24 11:40:06","C7"
2850,"2017-02-24 11:40:24","2017-02-24 11:55:05","C1"
2851,"2017-02-24 11:55:40","2017-02-24 11:55:58","C8"
2852,"2017-02-24 11:56:22","2017-02-24 12:01:54","C2"
2853,"2017-02-24 12:02:19","2017-02-24 12:02:53","C8"
2854,"2017-02-24 12:03:03","2017-02-24 12:06:41","C7"
2855,"2017-02-24 12:06:56","2017-02-24 12:08:06","C6"
2856,"2017-02-24 12:08:25","2017-02-24 12:08:51","C3"
2857,"2017-02-24 12:10:16","2017-02-24 12:11:32","C1"
2858,"2017-02-24 12:11:52","2017-02-24 12:12:23","C4"
2859,"2017-02-24 12:13:01","2017-02-24 12:19:36","C8"
2860,"2017-02-24 12:20:16","2017-02-24 12:39:34","C5"
2861,"2017-02-24 12:40:41","2017-02-24 12:42:10","C3"
2862,"2017-02-24 12:42:16","2017-02-24 12:46:58","C3"
2863,"2017-02-24 12:48:07","2017-02-24 12:50:44","O1"
2864,"2017-02-24 12:51:09","2017-02-24 13:00:01","C4"
2865,"2017-02-24 13:00:07","2017-02-24 13:03:40","C4"
2866,"2017-02-27 10:12:38","2017-02-27 10:25:09","O2"
2867,"2017-02-27 10:25:15","2017-02-27 10:31:03","O2"
2868,"2017-02-27 10:31:39","2017-02-27 10:33:30","C3"
2869,"2017-02-27 10:33:37","2017-02-27 10:39:41","C3"
2870,"2017-02-27 10:42:25","2017-02-27 10:44:05","O1"
2871,"2017-02-27 10:44:12","2017-02-27 10:45:39","O1"
2872,"2017-02-27 10:46:08","2017-02-27 10:49:43","T1"
2873,"2017-02-27 10:49:51","2017-02-27 10:52:31","T1"
2874,"2017-02-27 10:52:53","2017-02-27 10:54:55","C6"
2875,"2017-02-27 10:55:06","2017-02-27 10:56:41","C6"
2876,"2017-02-27 10:56:48","2017-02-27 11:03:50","C6"
2877,"2017-02-27 11:03:58","2017-02-27 11:06:22","C6"
2878,"2017-02-27 11:06:35","2017-02-27 11:07:34","O1"
2879,"2017-02-27 11:08:02","2017-02-27 11:09:40","C3"
2880,"2017-02-27 11:10:16","2017-02-27 11:13:01","P1"
2881,"2017-02-27 11:13:10","2017-02-27 11:14:37","P1"
2882,"2017-02-27 11:15:31","2017-02-27 11:25:22","O1"
2883,"2017-02-27 11:26:07","2017-02-27 11:28:34","P2"
2884,"2017-02-27 11:28:42","2017-02-27 11:31:09","P2"
2885,"2017-02-27 11:31:30","2017-02-27 11:32:35","T1"
2886,"2017-02-27 11:32:41","2017-02-27 11:33:21","T1"
2887,"2017-02-27 11:34:39","2017-02-27 11:35:54","T1"
2888,"2017-02-27 11:36:01","2017-02-27 11:36:36","T1"
2889,"2017-02-27 11:37:22","2017-02-27 11:39:51","C1"
2890,"2017-02-27 11:39:55","2017-02-27 11:41:15","C1"
2891,"2017-02-27 11:41:23","2017-02-27 11:42:03","C1"
2892,"2017-02-27 11:42:30","2017-02-27 11:50:26","C3"
2893,"2017-02-27 11:50:33","2017-02-27 11:51:35","C3"
2894,"2017-02-27 11:52:09","2017-02-27 11:53:10","C7"
2895,"2017-02-27 11:53:15","2017-02-27 11:54:22","C7"
2896,"2017-02-27 11:54:29","2017-02-27 11:55:15","C7"
2897,"2017-02-27 12:05:10","2017-02-27 12:08:01","C7"
2898,"2017-02-27 12:08:21","2017-02-27 12:09:42","C2"
2899,"2017-02-27 12:09:48","2017-02-27 12:10:45","C2"
2900,"2017-02-27 12:10:58","2017-02-27 12:12:19","C3"
2901,"2017-02-27 12:12:31","2017-02-27 12:13:02","C3"
2902,"2017-02-27 12:18:32","2017-02-27 12:21:16","T1"
2903,"2017-02-27 12:21:22","2017-02-27 12:22:36","T1"
2904,"2017-02-27 12:23:11","2017-02-27 12:24:42","O2"
2905,"2017-02-27 12:24:47","2017-02-27 12:26:57","O2"
2906,"2017-02-28 10:15:28","2017-02-28 10:19:13","O1"
2907,"2017-02-28 10:28:33","2017-02-28 10:29:38","C1"
2908,"2017-02-28 10:30:01","2017-02-28 10:34:13","T1"
2909,"2017-02-28 10:34:21","2017-02-28 10:39:30","T1"
2910,"2017-02-28 10:39:49","2017-02-28 10:41:31","O2"
2911,"2017-02-28 10:41:40","2017-02-28 10:43:08","O2"
2912,"2017-02-28 10:43:31","2017-02-28 10:44:42","C1"
2913,"2017-02-28 10:44:56","2017-02-28 10:46:57","C3"
2914,"2017-02-28 10:47:09","2017-02-28 10:59:40","C2"
2915,"2017-02-28 11:00:07","2017-02-28 11:03:47","C5"
2916,"2017-02-28 11:04:22","2017-02-28 11:06:49","C7"
2917,"2017-02-28 11:12:12","2017-02-28 11:13:19","C2"
2918,"2017-02-28 11:13:47","2017-02-28 11:14:40","C5"
2919,"2017-02-28 11:14:53","2017-02-28 11:18:42","C4"
2920,"2017-02-28 11:18:59","2017-02-28 11:21:28","C2"
2921,"2017-02-28 11:22:14","2017-02-28 11:25:45","C7"
2922,"2017-02-28 11:25:58","2017-02-28 11:28:33","O1"
2923,"2017-02-28 11:29:10","2017-02-28 11:34:01","C5"
2924,"2017-02-28 11:34:14","2017-02-28 11:35:04","C4"
2925,"2017-02-28 11:35:19","2017-02-28 11:37:48","C2"
2926,"2017-02-28 11:38:11","2017-02-28 11:48:35","C8"
2927,"2017-02-28 11:48:50","2017-02-28 11:49:37","O1"
2928,"2017-02-28 11:50:01","2017-02-28 11:52:20","P2"
2929,"2017-02-28 11:52:49","2017-02-28 11:55:21","C1"
2930,"2017-02-28 11:55:40","2017-02-28 11:56:49","C6"
2931,"2017-02-28 11:57:06","2017-02-28 11:59:14","C7"
2932,"2017-02-28 11:59:39","2017-02-28 12:04:01","C2"
2933,"2017-02-28 12:04:35","2017-02-28 12:05:12","C8"
2934,"2017-02-28 12:05:32","2017-02-28 12:06:10","C1"
2935,"2017-02-28 12:06:29","2017-02-28 12:08:09","C5"
2936,"2017-02-28 12:12:33","2017-02-28 12:13:40","P1"
2937,"2017-02-28 12:14:11","2017-02-28 12:16:58","C8"
2938,"2017-02-28 12:19:52","2017-02-28 12:21:48","C5"
2939,"2017-02-28 12:22:19","2017-02-28 12:23:09","C7"
2940,"2017-02-28 12:26:25","2017-02-28 12:31:39","C7"
2941,"2017-02-28 12:32:20","2017-02-28 12:41:53","C2"
2942,"2017-02-28 12:42:31","2017-02-28 12:45:12","C8"
2943,"2017-03-03 10:18:15","2017-03-03 10:27:43","C1"
2944,"2017-03-03 10:27:53","2017-03-03 10:30:30","C4"
2945,"2017-03-03 10:34:10","2017-03-03 10:35:53","C4"
2946,"2017-03-03 10:43:20","2017-03-03 10:45:13","C5"
2947,"2017-03-03 10:45:25","2017-03-03 10:47:30","C3"
2948,"2017-03-03 10:47:34","2017-03-03 10:50:15","C4"
2949,"2017-03-03 10:50:35","2017-03-03 10:54:33","C1"
2950,"2017-03-03 10:56:10","2017-03-03 10:56:47","C2"
2951,"2017-03-03 10:57:15","2017-03-03 11:02:42","P1"
2952,"2017-03-03 11:03:05","2017-03-03 11:05:33","C4"
2953,"2017-03-03 11:06:14","2017-03-03 11:10:30","C1"
2954,"2017-03-03 11:10:39","2017-03-03 11:19:43","C2"
2955,"2017-03-03 11:20:05","2017-03-03 11:46:14","P1"
2956,"2017-03-03 11:46:30","2017-03-03 11:59:08","C2"
2957,"2017-03-03 11:59:15","2017-03-03 12:01:10","C3"
2958,"2017-03-03 12:02:10","2017-03-03 12:19:19","C4"
2959,"2017-03-03 12:19:28","2017-03-03 12:26:58","C1"
2960,"2017-03-06 10:19:30","2017-03-06 10:23:24","T1"
2961,"2017-03-06 10:28:30","2017-03-06 10:28:40","T1"
2962,"2017-03-06 10:28:40","2017-03-06 10:33:50","T1"
2963,"2017-03-06 10:34:10","2017-03-06 10:34:47","O2"
2964,"2017-03-06 10:34:47","2017-03-06 10:43:00","O2"
2965,"2017-03-06 10:44:30","2017-03-06 10:44:55","C1"
2966,"2017-03-06 10:44:55","2017-03-06 10:45:46","C1"
2967,"2017-03-06 10:45:57","2017-03-06 10:46:10","C6"
2968,"2017-03-06 10:46:10","2017-03-06 10:47:12","C6"
2969,"2017-03-06 10:47:12","2017-03-06 10:49:06","C6"
2970,"2017-03-06 10:49:30","2017-03-06 10:50:00","C2"
2971,"2017-03-06 10:50:00","2017-03-06 10:52:05","C2"
2972,"2017-03-06 10:52:05","2017-03-06 10:53:48","C2"
2973,"2017-03-06 10:54:10","2017-03-06 10:54:40","O1"
2974,"2017-03-06 10:54:40","2017-03-06 10:56:49","O1"
2975,"2017-03-06 10:56:49","2017-03-06 10:59:10","O1"
2976,"2017-03-06 10:59:26","2017-03-06 10:59:50","C6"
2977,"2017-03-06 10:59:50","2017-03-06 11:01:29","C6"
2978,"2017-03-06 11:01:29","2017-03-06 11:04:40","C6"
2979,"2017-03-06 11:04:50","2017-03-06 11:05:10","C3"
2980,"2017-03-06 11:05:10","2017-03-06 11:05:37","C3"
2981,"2017-03-06 11:05:50","2017-03-06 11:06:07","O2"
2982,"2017-03-06 11:06:07","2017-03-06 11:10:30","O2"
2983,"2017-03-06 11:10:30","2017-03-06 11:11:50","O2"
2984,"2017-03-06 11:12:12","2017-03-06 11:12:30","C1"
2985,"2017-03-06 11:12:30","2017-03-06 11:20:17","C1"
2986,"2017-03-06 11:20:17","2017-03-06 11:21:08","C1"
2987,"2017-03-06 11:21:19","2017-03-06 11:21:40","C3"
2988,"2017-03-06 11:21:40","2017-03-06 11:23:01","C3"
2989,"2017-03-06 11:23:56","2017-03-06 11:24:27","C6"
2990,"2017-03-06 11:24:27","2017-03-06 11:48:32","C6"
2991,"2017-03-06 11:48:32","2017-03-06 11:50:00","C6"
2992,"2017-03-06 11:52:01","2017-03-06 11:52:23","C2"
2993,"2017-03-06 11:52:23","2017-03-06 11:53:40","C2"
2994,"2017-03-06 11:53:50","2017-03-06 11:54:06","C4"
2995,"2017-03-06 11:54:06","2017-03-06 11:54:54","C4"
2996,"2017-03-06 11:55:10","2017-03-06 11:55:21","C3"
2997,"2017-03-06 11:55:21","2017-03-06 11:55:54","C3"
2998,"2017-03-06 11:55:54","2017-03-06 11:56:12","C3"
2999,"2017-03-06 11:56:12","2017-03-06 12:07:27","C3"
3000,"2017-03-06 12:10:15","2017-03-06 12:10:33","C2"
3001,"2017-03-06 12:10:33","2017-03-06 12:11:37","C2"
3002,"2017-03-06 12:11:45","2017-03-06 12:14:48","C4"
3003,"2017-03-06 12:16:10","2017-03-06 12:16:34","C8"
3004,"2017-03-06 12:16:34","2017-03-06 12:29:04","C8"
3005,"2017-03-06 12:29:33","2017-03-06 12:30:03","C1"
3006,"2017-03-06 12:30:03","2017-03-06 12:30:53","C1"
3007,"2017-03-06 12:30:53","2017-03-06 12:32:53","C1"
3008,"2017-03-06 12:33:57","2017-03-06 12:34:15","C5"
3009,"2017-03-06 12:34:15","2017-03-06 12:43:32","C5"
3010,"2017-03-06 12:47:11","2017-03-06 12:47:41","C6"
3011,"2017-03-06 12:47:41","2017-03-06 12:50:18","C6"
3012,"2017-03-06 12:50:33","2017-03-06 12:51:08","T1"
3013,"2017-03-06 12:51:08","2017-03-06 12:51:50","T1"
3014,"2017-03-06 12:55:25","2017-03-06 12:56:19","T1"
3015,"2017-03-06 12:56:30","2017-03-06 12:57:15","O1"
3016,"2017-03-06 12:57:15","2017-03-06 13:20:10","O1"
3017,"2017-03-06 13:20:10","2017-03-06 13:26:08","O1"
3018,"2017-03-06 13:26:08","2017-03-06 13:26:53","O1"
3019,"2017-03-06 15:03:25","2017-03-06 15:03:45","O2"
3020,"2017-03-06 15:03:45","2017-03-06 15:08:25","O2"
3021,"2017-03-06 15:08:25","2017-03-06 15:09:31","O2"
3022,"2017-03-06 15:09:31","2017-03-06 15:11:29","O2"
3023,"2017-03-06 15:11:29","2017-03-06 15:11:37","O2"
3024,"2017-03-06 15:19:30","2017-03-06 15:20:17","O2"
3025,"2017-03-06 15:20:17","2017-03-06 15:28:34","O2"
3026,"2017-03-06 15:28:34","2017-03-06 15:29:27","O2"
3027,"2017-03-06 15:29:45","2017-03-06 15:30:06","C4"
3028,"2017-03-06 15:30:06","2017-03-06 15:43:18","C4"
3029,"2017-03-06 15:46:47","2017-03-06 15:47:28","C4"
3030,"2017-03-06 15:47:28","2017-03-06 15:54:20","C4"
3031,"2017-03-06 15:56:13","2017-03-06 15:56:40","C4"
3032,"2017-03-06 15:56:40","2017-03-06 16:02:54","C4"
3033,"2017-03-06 16:03:22","2017-03-06 16:03:49","C3"
3034,"2017-03-06 16:03:49","2017-03-06 16:15:33","C3"
3035,"2017-03-06 16:16:03","2017-03-06 16:17:10","O2"
3036,"2017-03-06 16:17:10","2017-03-06 16:19:52","O2"
3037,"2017-03-06 16:19:52","2017-03-06 16:22:16","O2"
3038,"2017-03-06 16:24:13","2017-03-06 16:24:40","C2"
3039,"2017-03-06 16:24:40","2017-03-06 16:25:28","C2"
3040,"2017-03-06 16:25:28","2017-03-06 16:26:26","C2"
3041,"2017-03-06 16:26:34","2017-03-06 16:26:54","C4"
3042,"2017-03-06 16:26:54","2017-03-06 16:32:27","C4"
3043,"2017-03-06 16:32:37","2017-03-06 16:32:59","C5"
3044,"2017-03-06 16:32:59","2017-03-06 16:37:46","C5"
3045,"2017-03-07 10:06:02","2017-03-07 10:06:31","C2"
3046,"2017-03-07 10:06:31","2017-03-07 10:08:15","C2"
3047,"2017-03-07 10:08:25","2017-03-07 10:10:57","C6"
3048,"2017-03-07 10:10:57","2017-03-07 10:15:10","C6"
3049,"2017-03-07 10:15:10","2017-03-07 10:17:14","C6"
3050,"2017-03-07 10:17:14","2017-03-07 10:18:31","C6"
3051,"2017-03-07 10:18:31","2017-03-07 10:19:19","C6"
3052,"2017-03-07 10:19:40","2017-03-07 10:19:51","C1"
3053,"2017-03-07 10:19:51","2017-03-07 10:25:39","C1"
3054,"2017-03-07 10:25:53","2017-03-07 10:26:33","C2"
3055,"2017-03-07 10:26:33","2017-03-07 10:35:38","C2"
3056,"2017-03-07 10:36:07","2017-03-07 10:37:01","C1"
3057,"2017-03-07 10:37:01","2017-03-07 10:40:40","C1"
3058,"2017-03-07 10:41:03","2017-03-07 10:43:13","C8"
3059,"2017-03-07 10:43:13","2017-03-07 10:46:07","C8"
3060,"2017-03-07 10:46:07","2017-03-07 10:49:27","C8"
3061,"2017-03-07 10:49:37","2017-03-07 10:50:15","C7"
3062,"2017-03-07 10:50:15","2017-03-07 10:50:34","C7"
3063,"2017-03-07 10:50:46","2017-03-07 10:51:58","C1"
3064,"2017-03-07 10:51:58","2017-03-07 11:01:08","C1"
3065,"2017-03-07 11:01:35","2017-03-07 11:02:26","O1"
3066,"2017-03-07 11:02:26","2017-03-07 11:05:04","O1"
3067,"2017-03-07 11:05:04","2017-03-07 11:08:05","O1"
3068,"2017-03-07 11:08:25","2017-03-07 11:09:18","C7"
3069,"2017-03-07 11:09:18","2017-03-07 11:18:35","C7"
3070,"2017-03-07 11:18:40","2017-03-07 11:19:35","C8"
3071,"2017-03-07 11:19:35","2017-03-07 11:20:30","C8"
3072,"2017-03-07 11:20:50","2017-03-07 11:21:04","C1"
3073,"2017-03-07 11:21:04","2017-03-07 11:21:49","C1"
3074,"2017-03-07 11:22:26","2017-03-07 11:22:42","T1"
3075,"2017-03-07 11:23:00","2017-03-07 11:23:50","T1"
3076,"2017-03-07 11:23:50","2017-03-07 11:25:24","T1"
3077,"2017-03-07 11:31:01","2017-03-07 11:31:15","C8"
3078,"2017-03-07 11:31:15","2017-03-07 11:59:43","C8"
3079,"2017-03-07 12:00:39","2017-03-07 11:01:19","C7"
3080,"2017-03-07 11:01:19","2017-03-07 12:22:20","C7"
3081,"2017-03-07 12:22:46","2017-03-07 12:23:47","O1"
3082,"2017-03-07 12:23:47","2017-03-07 12:25:56","O1"
3083,"2017-03-07 12:25:56","2017-03-07 12:27:05","O1"
3084,"2017-03-07 12:27:07","2017-03-07 12:27:30","C1"
3085,"2017-03-07 12:27:30","2017-03-07 12:29:50","C1"
3086,"2017-03-07 12:29:50","2017-03-07 12:32:52","C1"
3087,"2017-03-07 12:33:25","2017-03-07 12:33:58","T1"
3088,"2017-03-07 15:02:25","2017-03-07 15:03:21","C2"
3089,"2017-03-07 15:03:21","2017-03-07 15:06:42","C2"
3090,"2017-03-07 15:14:05","2017-03-07 15:14:20","C2"
3091,"2017-03-07 15:14:20","2017-03-07 15:20:07","C2"
3092,"2017-03-07 15:20:07","2017-03-07 15:21:24","C2"
3093,"2017-03-07 15:21:35","2017-03-07 15:22:24","C1"
3094,"2017-03-07 15:22:24","2017-03-07 15:24:40","C1"
3095,"2017-03-07 15:25:05","2017-03-07 15:25:35","T1"
3096,"2017-03-07 15:25:35","2017-03-07 15:27:55","T1"
3097,"2017-03-07 15:33:10","2017-03-07 15:33:24","C7"
3098,"2017-03-07 15:33:24","2017-03-07 15:35:17","C7"
3099,"2017-03-07 15:42:55","2017-03-07 15:43:25","C1"
3100,"2017-03-07 15:43:25","2017-03-07 15:45:52","C1"
3101,"2017-03-07 15:46:56","2017-03-07 15:47:23","T1"
3102,"2017-03-07 15:47:23","2017-03-07 15:51:00","T1"
3103,"2017-03-07 15:51:30","2017-03-07 15:51:51","C7"
3104,"2017-03-07 15:51:51","2017-03-07 15:55:30","C7"
3105,"2017-03-07 15:55:31","2017-03-07 15:55:46","C6"
3106,"2017-03-07 15:55:46","2017-03-07 15:57:04","C6"
3107,"2017-03-07 15:57:04","2017-03-07 15:57:13","C6"
3108,"2017-03-07 15:57:13","2017-03-07 15:57:15","C6"
3109,"2017-03-07 15:57:15","2017-03-07 16:00:45","C6"
3110,"2017-03-07 16:05:59","2017-03-07 16:07:08","C2"
3111,"2017-03-07 16:07:08","2017-03-07 16:07:50","C2"
3112,"2017-03-07 16:12:30","2017-03-07 16:12:48","C7"
3113,"2017-03-07 16:12:48","2017-03-07 16:16:44","C7"
3114,"2017-03-07 16:17:00","2017-03-07 16:17:38","O1"
3115,"2017-03-07 16:17:38","2017-03-07 16:18:52","O1"
3116,"2017-03-07 16:19:04","2017-03-07 16:19:26","C2"
3117,"2017-03-07 16:19:26","2017-03-07 16:20:40","C2"
3118,"2017-03-07 16:20:56","2017-03-07 16:21:12","C6"
3119,"2017-03-07 16:21:12","2017-03-07 16:27:50","C6"
3120,"2017-03-07 16:27:55","2017-03-07 16:28:20","C7"
3121,"2017-03-07 16:28:20","2017-03-07 16:29:50","C7"
3122,"2017-03-08 10:22:20","2017-03-08 10:22:41","C5"
3123,"2017-03-08 10:22:41","2017-03-08 10:28:20","C5"
3124,"2017-03-08 10:50:32","2017-03-08 10:51:06","C3"
3125,"2017-03-08 10:51:06","2017-03-08 10:57:36","C3"
3126,"2017-03-08 11:20:52","2017-03-08 11:21:39","O1"
3127,"2017-03-08 11:21:39","2017-03-08 11:54:15","O1"
3128,"2017-03-08 11:54:30","2017-03-08 11:55:16","C3"
3129,"2017-03-08 11:55:16","2017-03-08 11:55:58","C3"
3130,"2017-03-08 11:59:10","2017-03-08 11:59:18","O1"
3131,"2017-03-08 11:59:18","2017-03-08 12:11:36","O1"
3132,"2017-03-08 12:17:50","2017-03-08 12:18:13","C6"
3133,"2017-03-08 12:18:13","2017-03-08 12:24:15","C6"
3134,"2017-03-08 12:24:33","2017-03-08 12:24:34","P2"
3135,"2017-03-08 12:24:34","2017-03-08 12:25:25","P2"
3136,"2017-03-08 12:25:40","2017-03-08 12:25:49","C6"
3137,"2017-03-08 12:25:49","2017-03-08 12:27:53","C6"
3138,"2017-03-08 14:35:50","2017-03-08 14:36:19","T1"
3139,"2017-03-08 14:36:19","2017-03-08 14:41:28","T1"
3140,"2017-03-08 14:48:24","2017-03-08 14:48:41","C6"
3141,"2017-03-08 14:48:41","2017-03-08 14:50:00","C6"
3142,"2017-03-08 14:52:04","2017-03-08 14:52:40","T1"
3143,"2017-03-08 14:52:40","2017-03-08 15:02:08","T1"
3144,"2017-03-08 15:13:19","2017-03-08 15:13:39","C7"
3145,"2017-03-08 15:13:39","2017-03-08 15:25:59","C7"
3146,"2017-03-08 15:26:13","2017-03-08 15:27:04","C2"
3147,"2017-03-08 15:27:04","2017-03-08 15:27:54","C2"
3148,"2017-03-08 15:28:00","2017-03-08 15:28:22","C1"
3149,"2017-03-08 15:28:22","2017-03-08 15:34:42","C1"
3150,"2017-03-08 15:38:46","2017-03-08 15:39:00","P2"
3151,"2017-03-08 15:39:00","2017-03-08 15:49:49","P2"
3152,"2017-03-08 15:50:20","2017-03-08 15:50:30","C8"
3153,"2017-03-08 15:50:30","2017-03-08 15:55:46","C8"
3154,"2017-03-08 15:55:56","2017-03-08 15:56:14","C2"
3155,"2017-03-08 15:56:14","2017-03-08 16:01:23","C2"
3156,"2017-03-08 16:03:32","2017-03-08 16:03:33","C2"
3157,"2017-03-08 16:03:33","2017-03-08 16:07:15","C2"
3158,"2017-03-08 16:07:29","2017-03-08 16:07:49","C6"
3159,"2017-03-08 16:07:49","2017-03-08 16:10:16","C6"
3160,"2017-03-08 16:10:57","2017-03-08 16:12:00","O1"
3161,"2017-03-08 16:12:00","2017-03-08 16:12:11","O1"
3162,"2017-03-08 16:12:20","2017-03-08 16:12:35","C8"
3163,"2017-03-08 16:12:35","2017-03-08 16:18:39","C8"
3164,"2017-03-08 16:18:42","2017-03-08 16:19:07","C6"
3165,"2017-03-08 16:19:07","2017-03-08 16:24:53","C6"
3166,"2017-03-09 10:14:08","2017-03-09 10:14:24","C2"
3167,"2017-03-09 10:14:24","2017-03-09 10:15:07","C2"
3168,"2017-03-09 10:15:10","2017-03-09 10:15:30","C4"
3169,"2017-03-09 10:15:30","2017-03-09 10:16:10","C4"
3170,"2017-03-09 10:16:15","2017-03-09 10:16:31","C3"
3171,"2017-03-09 10:16:31","2017-03-09 10:18:44","C3"
3172,"2017-03-09 10:18:49","2017-03-09 10:18:56","C1"
3173,"2017-03-09 10:18:56","2017-03-09 10:19:46","C1"
3174,"2017-03-09 10:19:55","2017-03-09 10:21:49","C5"
3175,"2017-03-09 10:21:49","2017-03-09 10:32:50","C5"
3176,"2017-03-09 10:32:56","2017-03-09 10:33:09","C3"
3177,"2017-03-09 10:33:09","2017-03-09 10:34:01","C3"
3178,"2017-03-09 10:34:25","2017-03-09 10:34:27","C3"
3179,"2017-03-09 10:34:27","2017-03-09 10:38:22","C3"
3180,"2017-03-09 10:41:18","2017-03-09 10:42:10","O1"
3181,"2017-03-09 10:42:10","2017-03-09 10:53:17","O1"
3182,"2017-03-09 10:55:33","2017-03-09 10:56:07","C5"
3183,"2017-03-09 10:56:07","2017-03-09 11:17:30","C5"
3184,"2017-03-09 11:18:00","2017-03-09 11:18:10","P2"
3185,"2017-03-09 11:18:10","2017-03-09 11:19:15","P2"
3186,"2017-03-09 11:19:20","2017-03-09 11:19:47","T1"
3187,"2017-03-09 11:19:47","2017-03-09 11:24:36","T1"
3188,"2017-03-09 11:24:40","2017-03-09 11:26:04","O2"
3189,"2017-03-09 11:26:04","2017-03-09 11:27:55","O2"
3190,"2017-03-09 11:28:02","2017-03-09 11:28:21","C2"
3191,"2017-03-09 11:28:21","2017-03-09 11:32:31","C2"
3192,"2017-03-09 11:33:10","2017-03-09 11:34:26","P2"
3193,"2017-03-09 11:34:30","2017-03-09 11:34:44","P2"
3194,"2017-03-09 11:34:44","2017-03-09 11:35:54","P2"
3195,"2017-03-09 11:42:55","2017-03-09 11:43:44","C3"
3196,"2017-03-09 11:43:44","2017-03-09 11:44:35","C3"
3197,"2017-03-09 11:47:04","2017-03-09 11:47:31","P2"
3198,"2017-03-09 11:47:31","2017-03-09 11:56:59","P2"
3199,"2017-03-09 11:57:22","2017-03-09 11:57:37","C4"
3200,"2017-03-09 11:57:37","2017-03-09 12:00:28","C4"
3201,"2017-03-09 12:06:20","2017-03-09 12:06:54","C4"
3202,"2017-03-09 12:06:54","2017-03-09 12:20:52","C4"
3203,"2017-03-09 12:35:42","2017-03-09 12:36:36","O2"
3204,"2017-03-09 12:42:00","2017-03-09 12:42:19","O2"
3205,"2017-03-09 12:42:19","2017-03-09 12:45:37","O2"
3206,"2017-03-09 12:45:49","2017-03-09 12:46:10","C2"
3207,"2017-03-09 12:46:10","2017-03-09 12:47:10","C2"
3208,"2017-03-09 12:47:38","2017-03-09 12:48:10","O2"
3209,"2017-03-09 12:48:10","2017-03-09 12:52:54","O2"
3210,"2017-03-09 13:02:45","2017-03-09 13:03:10","C2"
3211,"2017-03-09 13:03:10","2017-03-09 13:03:59","C2"
3212,"2017-03-09 13:04:10","2017-03-09 13:04:40","P2"
3213,"2017-03-09 13:04:40","2017-03-09 13:05:37","P2"
3214,"2017-03-09 13:07:06","2017-03-09 13:07:56","C2"
3215,"2017-03-09 13:07:56","2017-03-09 13:26:09","C2"
3216,"2017-03-09 14:41:37","2017-03-09 14:42:02","C1"
3217,"2017-03-09 14:42:02","2017-03-09 14:45:40","C1"
3218,"2017-03-09 14:45:49","2017-03-09 14:45:56","C5"
3219,"2017-03-09 14:45:56","2017-03-09 14:52:29","C5"
3220,"2017-03-09 14:58:05","2017-03-09 14:59:24","C8"
3221,"2017-03-09 14:59:24","2017-03-09 15:14:59","C8"
3222,"2017-03-09 15:15:11","2017-03-09 15:15:27","C1"
3223,"2017-03-09 15:15:27","2017-03-09 15:15:52","C1"
3224,"2017-03-09 15:16:05","2017-03-09 15:16:34","C8"
3225,"2017-03-09 15:16:34","2017-03-09 15:22:24","C8"
3226,"2017-03-09 15:22:32","2017-03-09 15:22:47","O2"
3227,"2017-03-09 15:22:47","2017-03-09 15:30:37","O2"
3228,"2017-03-09 15:30:48","2017-03-09 15:32:39","C1"
3229,"2017-03-09 15:32:39","2017-03-09 15:35:22","C1"
3230,"2017-03-09 15:35:26","2017-03-09 15:36:40","C2"
3231,"2017-03-09 15:36:40","2017-03-09 15:56:50","C2"
3232,"2017-03-09 15:56:56","2017-03-09 15:59:35","C1"
3233,"2017-03-09 15:59:50","2017-03-09 16:00:09","P2"
3234,"2017-03-09 16:00:09","2017-03-09 16:01:50","P2"
3235,"2017-03-09 16:02:18","2017-03-09 16:02:36","C8"
3236,"2017-03-09 16:02:36","2017-03-09 16:07:03","C8"
3237,"2017-03-09 16:07:13","2017-03-09 16:07:30","O2"
3238,"2017-03-09 16:07:30","2017-03-09 16:12:09","O2"
3239,"2017-03-09 16:18:27","2017-03-09 16:18:52","C2"
3240,"2017-03-09 16:18:52","2017-03-09 16:26:35","C2"
3241,"2017-03-09 16:27:13","2017-03-09 16:27:37","P2"
3242,"2017-03-09 16:27:37","2017-03-09 16:28:13","P2"
3243,"2017-03-10 10:08:23","2017-03-10 10:10:24","C2"
3244,"2017-03-10 10:10:24","2017-03-10 10:12:15","C2"
3245,"2017-03-10 10:16:49","2017-03-10 10:17:07","C3"
3246,"2017-03-10 10:17:07","2017-03-10 10:26:05","C3"
3247,"2017-03-10 10:26:10","2017-03-10 10:26:32","C1"
3248,"2017-03-10 10:26:32","2017-03-10 10:28:43","C1"
3249,"2017-03-10 10:31:46","2017-03-10 10:32:11","C2"
3250,"2017-03-10 10:32:11","2017-03-10 10:36:21","C2"
3251,"2017-03-10 10:44:27","2017-03-10 10:44:49","C3"
3252,"2017-03-10 10:44:49","2017-03-10 10:49:44","C3"
3253,"2017-03-10 10:51:21","2017-03-10 10:51:36","C5"
3254,"2017-03-10 10:51:36","2017-03-10 10:55:30","C5"
3255,"2017-03-10 10:55:34","2017-03-10 10:56:26","C3"
3256,"2017-03-10 10:56:26","2017-03-10 11:02:17","C3"
3257,"2017-03-10 11:02:35","2017-03-10 11:03:16","C4"
3258,"2017-03-10 11:03:16","2017-03-10 11:05:58","C4"
3259,"2017-03-10 11:06:10","2017-03-10 11:06:16","C5"
3260,"2017-03-10 11:06:16","2017-03-10 11:09:36","C5"
3261,"2017-03-10 11:09:38","2017-03-10 11:10:22","C4"
3262,"2017-03-10 11:10:22","2017-03-10 11:25:44","C4"
3263,"2017-03-10 11:37:02","2017-03-10 11:37:32","C2"
3264,"2017-03-10 11:37:32","2017-03-10 11:42:21","C2"
3265,"2017-03-10 11:43:03","2017-03-10 11:43:45","T1"
3266,"2017-03-10 11:43:45","2017-03-10 11:46:26","T1"
3267,"2017-03-10 11:59:57","2017-03-10 12:00:24","C6"
3268,"2017-03-10 12:00:24","2017-03-10 12:00:44","C6"
3269,"2017-03-10 12:00:57","2017-03-10 12:01:36","C1"
3270,"2017-03-10 12:01:36","2017-03-10 12:05:14","C1"
3271,"2017-03-10 12:15:00","2017-03-10 12:15:35","C6"
3272,"2017-03-10 12:15:35","2017-03-10 12:16:20","C6"
3273,"2017-03-10 12:28:37","2017-03-10 12:28:51","C7"
3274,"2017-03-10 12:28:51","2017-03-10 13:02:58","C7"
3275,"2017-03-10 13:03:44","2017-03-10 13:04:23","T1"
3276,"2017-03-10 13:04:23","2017-03-10 13:05:23","T1"
3277,"2017-03-10 15:53:33","2017-03-10 15:56:26","C2"
3278,"2017-03-10 15:56:26","2017-03-10 16:01:59","C2"
3279,"2017-03-10 16:11:08","2017-03-10 16:11:58","C3"
3280,"2017-03-10 16:11:58","2017-03-10 16:18:20","C3"
3281,"2017-03-10 16:18:21","2017-03-10 16:18:57","C4"
3282,"2017-03-10 16:18:57","2017-03-10 16:23:20","C4"
3283,"2017-03-13 10:14:02","2017-03-13 10:14:30","C2"
3284,"2017-03-13 10:14:30","2017-03-13 10:16:09","C2"
3285,"2017-03-13 10:26:15","2017-03-13 10:26:30","C1"
3286,"2017-03-13 10:26:30","2017-03-13 10:29:30","C1"
3287,"2017-03-13 10:29:40","2017-03-13 10:30:11","C4"
3288,"2017-03-13 10:30:11","2017-03-13 10:32:12","C4"
3289,"2017-03-13 10:32:16","2017-03-13 10:35:00","C3"
3290,"2017-03-13 10:35:15","2017-03-13 10:35:43","C2"
3291,"2017-03-13 10:35:43","2017-03-13 10:36:38","C2"
3292,"2017-03-13 10:36:48","2017-03-13 10:37:12","C7"
3293,"2017-03-13 10:37:12","2017-03-13 10:37:42","C7"
3294,"2017-03-13 10:37:55","2017-03-13 10:38:29","T1"
3295,"2017-03-13 10:38:29","2017-03-13 10:41:08","T1"
3296,"2017-03-13 10:42:52","2017-03-13 10:43:48","C4"
3297,"2017-03-13 10:43:48","2017-03-13 10:48:10","C4"
3298,"2017-03-13 10:48:44","2017-03-13 10:49:38","C3"
3299,"2017-03-13 10:49:40","2017-03-13 10:50:00","C2"
3300,"2017-03-13 10:50:00","2017-03-13 10:52:10","C2"
3301,"2017-03-13 10:52:26","2017-03-13 10:52:57","C6"
3302,"2017-03-13 10:52:57","2017-03-13 10:57:21","C6"
3303,"2017-03-13 10:57:42","2017-03-13 10:58:42","O2"
3304,"2017-03-13 10:58:42","2017-03-13 11:00:53","O2"
3305,"2017-03-13 11:01:02","2017-03-13 11:01:27","C1"
3306,"2017-03-13 11:01:27","2017-03-13 11:03:24","C1"
3307,"2017-03-13 11:03:47","2017-03-13 11:04:16","C3"
3308,"2017-03-13 11:04:16","2017-03-13 11:06:09","C3"
3309,"2017-03-13 11:06:15","2017-03-13 11:06:31","C2"
3310,"2017-03-13 11:06:31","2017-03-13 11:10:21","C2"
3311,"2017-03-13 11:10:34","2017-03-13 11:11:41","C7"
3312,"2017-03-13 11:11:41","2017-03-13 11:18:36","C7"
3313,"2017-03-13 11:18:45","2017-03-13 11:19:02","O2"
3314,"2017-03-13 11:19:02","2017-03-13 11:19:53","O2"
3315,"2017-03-13 11:20:00","2017-03-13 11:20:39","T1"
3316,"2017-03-13 11:20:39","2017-03-13 11:24:48","T1"
3317,"2017-03-13 11:24:53","2017-03-13 11:25:40","P2"
3318,"2017-03-13 11:25:40","2017-03-13 11:29:22","P2"
3319,"2017-03-13 11:29:23","2017-03-13 11:29:52","P1"
3320,"2017-03-13 11:29:52","2017-03-13 11:32:28","P1"
3321,"2017-03-13 11:33:30","2017-03-13 11:34:03","C3"
3322,"2017-03-13 11:34:03","2017-03-13 11:49:15","C3"
3323,"2017-03-13 11:49:40","2017-03-13 11:49:53","C4"
3324,"2017-03-13 11:49:53","2017-03-13 11:50:44","C4"
3325,"2017-03-13 11:51:17","2017-03-13 11:51:45","C2"
3326,"2017-03-13 11:51:45","2017-03-13 11:52:30","C2"
3327,"2017-03-13 11:57:07","2017-03-13 11:57:38","C4"
3328,"2017-03-13 11:57:38","2017-03-13 12:15:31","C4"
3329,"2017-03-13 12:15:45","2017-03-13 12:17:21","C2"
3330,"2017-03-13 12:17:21","2017-03-13 12:19:43","C2"
3331,"2017-03-13 14:33:39","2017-03-13 14:34:22","C3"
3332,"2017-03-13 14:34:22","2017-03-13 14:51:10","C3"
3333,"2017-03-13 14:57:21","2017-03-13 14:57:55","C8"
3334,"2017-03-13 14:57:55","2017-03-13 14:58:59","C8"
3335,"2017-03-13 14:59:03","2017-03-13 14:59:42","C7"
3336,"2017-03-13 14:59:42","2017-03-13 15:01:35","C7"
3337,"2017-03-13 15:13:11","2017-03-13 15:14:56","C7"
3338,"2017-03-13 15:14:56","2017-03-13 15:15:15","C7"
3339,"2017-03-13 15:15:16","2017-03-13 15:16:53","C8"
3340,"2017-03-13 15:16:53","2017-03-13 15:44:54","C8"
3341,"2017-03-13 15:48:29","2017-03-13 15:49:11","C5"
3342,"2017-03-13 15:49:11","2017-03-13 16:01:48","C5"
3343,"2017-03-13 16:02:05","2017-03-13 16:02:38","C6"
3344,"2017-03-13 16:03:59","2017-03-13 16:04:40","C6"
3345,"2017-03-13 16:04:40","2017-03-13 16:16:26","C6"
3346,"2017-03-13 16:16:57","2017-03-13 16:17:30","C7"
3347,"2017-03-13 16:17:49","2017-03-13 16:18:25","O1"
3348,"2017-03-13 16:18:25","2017-03-13 16:25:12","O1"
3349,"2017-03-13 16:25:21","2017-03-13 16:26:16","C7"
3350,"2017-03-13 16:26:16","2017-03-13 16:30:33","C7"
3351,"2017-03-14 10:17:50","2017-03-14 10:18:16","C3"
3352,"2017-03-14 10:18:16","2017-03-14 10:20:39","C3"
3353,"2017-03-14 10:25:24","2017-03-14 10:25:56","C8"
3354,"2017-03-14 10:25:56","2017-03-14 10:26:51","C8"
3355,"2017-03-14 10:27:47","2017-03-14 10:28:08","C1"
3356,"2017-03-14 10:28:08","2017-03-14 10:29:08","C1"
3357,"2017-03-14 10:29:15","2017-03-14 10:29:32","C3"
3358,"2017-03-14 10:29:32","2017-03-14 10:29:51","C3"
3359,"2017-03-14 10:30:05","2017-03-14 10:30:47","C6"
3360,"2017-03-14 10:30:47","2017-03-14 10:34:43","C6"
3361,"2017-03-14 10:34:46","2017-03-14 10:35:43","C7"
3362,"2017-03-14 10:35:43","2017-03-14 10:37:49","C7"
3363,"2017-03-14 10:37:54","2017-03-14 10:38:14","C8"
3364,"2017-03-14 10:38:14","2017-03-14 10:41:20","C8"
3365,"2017-03-14 10:41:29","2017-03-14 10:42:09","C1"
3366,"2017-03-14 10:42:09","2017-03-14 11:14:39","C1"
3367,"2017-03-14 10:14:48","2017-03-14 10:15:22","O1"
3368,"2017-03-14 10:15:22","2017-03-14 11:18:50","O1"
3369,"2017-03-14 11:19:00","2017-03-14 11:19:29","C8"
3370,"2017-03-14 11:19:29","2017-03-14 11:23:39","C8"
3371,"2017-03-14 11:23:53","2017-03-14 11:24:28","C2"
3372,"2017-03-14 11:24:28","2017-03-14 11:25:47","C2"
3373,"2017-03-14 11:28:24","2017-03-14 11:29:03","O1"
3374,"2017-03-14 11:29:03","2017-03-14 11:33:25","O1"
3375,"2017-03-14 11:37:57","2017-03-14 11:38:31","C5"
3376,"2017-03-14 11:38:31","2017-03-14 11:45:04","C5"
3377,"2017-03-14 12:00:05","2017-03-14 12:00:26","C2"
3378,"2017-03-14 12:00:26","2017-03-14 12:01:06","C2"
3379,"2017-03-14 12:09:17","2017-03-14 12:09:48","C5"
3380,"2017-03-14 12:09:48","2017-03-14 12:10:26","C5"
3381,"2017-03-14 12:10:36","2017-03-14 12:10:56","C2"
3382,"2017-03-14 12:10:56","2017-03-14 12:23:34","C2"
3383,"2017-03-14 12:25:37","2017-03-14 12:25:58","C5"
3384,"2017-03-14 12:25:58","2017-03-14 12:32:37","C5"
3385,"2017-03-14 12:32:44","2017-03-14 12:33:05","C2"
3386,"2017-03-14 12:33:05","2017-03-14 12:39:58","C2"
3387,"2017-03-14 12:41:10","2017-03-14 12:42:31","C4"
3388,"2017-03-14 12:42:31","2017-03-14 12:46:49","C4"
3389,"2017-03-14 14:41:45","2017-03-14 14:42:10","O1"
3390,"2017-03-14 14:43:58","2017-03-14 14:44:49","O1"
3391,"2017-03-14 14:44:49","2017-03-14 15:02:00","O1"
3392,"2017-03-14 15:03:55","2017-03-14 15:04:09","O1"
3393,"2017-03-14 15:04:09","2017-03-14 15:53:02","O1"
3394,"2017-03-14 15:54:20","2017-03-14 15:54:33","C6"
3395,"2017-03-14 15:54:33","2017-03-14 16:16:21","C6"
3396,"2017-03-14 16:16:22","2017-03-14 16:16:47","C7"
3397,"2017-03-14 16:16:47","2017-03-14 16:22:25","C7"
3398,"2017-03-15 10:12:54","2017-03-15 10:13:15","C3"
3399,"2017-03-15 10:13:15","2017-03-15 10:13:52","C3"
3400,"2017-03-15 10:17:53","2017-03-15 10:18:28","P2"
3401,"2017-03-15 10:18:28","2017-03-15 10:24:33","P2"
3402,"2017-03-15 10:29:46","2017-03-15 10:30:25","C1"
3403,"2017-03-15 10:30:25","2017-03-15 10:31:45","C1"
3404,"2017-03-15 10:31:52","2017-03-15 10:32:26","C3"
3405,"2017-03-15 10:32:26","2017-03-15 10:33:54","C3"
3406,"2017-03-15 10:34:01","2017-03-15 10:34:37","C4"
3407,"2017-03-15 10:34:37","2017-03-15 10:34:37","C4"
3408,"2017-03-15 10:52:22","2017-03-15 10:52:48","O2"
3409,"2017-03-15 10:52:48","2017-03-15 10:57:21","O2"
3410,"2017-03-15 10:57:28","2017-03-15 10:57:55","O1"
3411,"2017-03-15 10:57:55","2017-03-15 11:09:25","O1"
3412,"2017-03-15 11:09:34","2017-03-15 11:09:51","C1"
3413,"2017-03-15 11:09:51","2017-03-15 11:18:43","C1"
3414,"2017-03-15 11:18:49","2017-03-15 11:18:50","C3"
3415,"2017-03-15 11:18:50","2017-03-15 11:23:20","C3"
3416,"2017-03-15 11:23:30","2017-03-15 11:23:31","C4"
3417,"2017-03-15 11:23:31","2017-03-15 11:24:16","C4"
3418,"2017-03-15 11:24:29","2017-03-15 11:24:46","O1"
3419,"2017-03-15 11:24:46","2017-03-15 11:26:43","O1"
3420,"2017-03-15 11:26:50","2017-03-15 11:27:07","C3"
3421,"2017-03-15 11:27:07","2017-03-15 11:35:05","C3"
3422,"2017-03-15 11:35:30","2017-03-15 11:35:39","P1"
3423,"2017-03-15 11:35:39","2017-03-15 11:35:55","P1"
3424,"2017-03-15 11:36:11","2017-03-15 11:36:28","C1"
3425,"2017-03-15 11:36:28","2017-03-15 11:54:30","C1"
3426,"2017-03-15 12:00:25","2017-03-15 12:00:49","C8"
3427,"2017-03-15 12:00:49","2017-03-15 12:24:40","C8"
3428,"2017-03-15 12:24:48","2017-03-15 12:25:33","C2"
3429,"2017-03-15 12:25:33","2017-03-15 12:28:05","C2"
3430,"2017-03-15 12:35:25","2017-03-15 12:35:42","P1"
3431,"2017-03-15 12:35:42","2017-03-15 12:38:51","P1"
3432,"2017-03-15 12:39:08","2017-03-15 12:39:18","C2"
3433,"2017-03-15 12:39:18","2017-03-15 12:51:11","C2"
3434,"2017-03-15 12:51:23","2017-03-15 12:51:50","C2"
3435,"2017-03-15 12:51:50","2017-03-15 13:01:27","C2"
3436,"2017-03-15 15:05:47","2017-03-15 15:08:14","A1"
3437,"2017-03-15 15:35:05","2017-03-15 15:35:19","P1"
3438,"2017-03-15 15:35:19","2017-03-15 15:35:51","P1"
3439,"2017-03-15 15:47:10","2017-03-15 15:48:09","P1"
3440,"2017-03-15 15:48:09","2017-03-15 15:50:35","P1"
3441,"2017-03-15 16:11:55","2017-03-15 16:12:12","C3"
3442,"2017-03-15 16:12:12","2017-03-15 16:12:53","C3"
3443,"2017-03-15 16:13:01","2017-03-15 16:14:50","O1"
3444,"2017-03-15 16:14:50","2017-03-15 16:18:26","O1"
3445,"2017-03-15 16:18:45","2017-03-15 16:18:47","P1"
3446,"2017-03-15 16:18:47","2017-03-15 16:19:30","P1"
3447,"2017-03-15 16:19:40","2017-03-15 16:20:20","C3"
3448,"2017-03-15 16:20:20","2017-03-15 16:22:01","C3"
3449,"2017-03-15 16:22:07","2017-03-15 16:22:15","O1"
3450,"2017-03-15 16:22:15","2017-03-15 16:23:56","O1"
3451,"2017-03-15 16:24:06","2017-03-15 16:24:24","C4"
3452,"2017-03-15 16:24:24","2017-03-15 16:26:04","C4"
3453,"2017-03-15 16:26:20","2017-03-15 16:26:39","C6"
3454,"2017-03-15 16:26:39","2017-03-15 16:28:46","C6"
3455,"2017-03-16 10:11:10","2017-03-16 10:16:29","C4"
3456,"2017-03-16 10:16:29","2017-03-16 10:19:47","C4"
3457,"2017-03-16 10:21:49","2017-03-16 10:22:10","C3"
3458,"2017-03-16 10:22:10","2017-03-16 10:23:00","C3"
3459,"2017-03-16 10:38:02","2017-03-16 10:38:32","C2"
3460,"2017-03-16 10:38:32","2017-03-16 10:40:13","C2"
3461,"2017-03-16 10:42:33","2017-03-16 10:43:03","C1"
3462,"2017-03-16 10:43:03","2017-03-16 10:46:11","C1"
3463,"2017-03-16 10:48:50","2017-03-16 10:57:40","C1"
3464,"2017-03-16 10:57:51","2017-03-16 10:58:20","C6"
3465,"2017-03-16 10:58:20","2017-03-16 11:00:58","C6"
3466,"2017-03-16 11:04:57","2017-03-16 11:05:17","C6"
3467,"2017-03-16 11:05:17","2017-03-16 11:10:35","C6"
3468,"2017-03-16 11:10:45","2017-03-16 11:11:18","C2"
3469,"2017-03-16 11:11:18","2017-03-16 11:17:16","C2"
3470,"2017-03-16 11:19:40","2017-03-16 11:20:01","P1"
3471,"2017-03-16 11:20:01","2017-03-16 11:20:58","P1"
3472,"2017-03-16 11:22:15","2017-03-16 11:23:02","C2"
3473,"2017-03-16 11:23:02","2017-03-16 11:32:51","C2"
3474,"2017-03-16 11:33:03","2017-03-16 11:33:20","O1"
3475,"2017-03-16 11:33:20","2017-03-16 11:34:25","O1"
3476,"2017-03-16 11:34:43","2017-03-16 11:34:55","P1"
3477,"2017-03-16 11:34:55","2017-03-16 11:35:05","P1"
3478,"2017-03-16 11:36:05","2017-03-16 11:36:47","T1"
3479,"2017-03-16 11:36:47","2017-03-16 11:43:43","T1"
3480,"2017-03-16 11:44:53","2017-03-16 11:45:09","O1"
3481,"2017-03-16 11:45:09","2017-03-16 11:45:29","O1"
3482,"2017-03-16 12:00:56","2017-03-16 12:01:35","C3"
3483,"2017-03-16 12:01:35","2017-03-16 12:06:03","C3"
3484,"2017-03-16 12:06:10","2017-03-16 12:06:29","C1"
3485,"2017-03-16 12:06:29","2017-03-16 12:11:53","C1"
3486,"2017-03-16 12:20:04","2017-03-16 12:20:23","P1"
3487,"2017-03-16 12:20:23","2017-03-16 12:20:37","P1"
3488,"2017-03-16 12:29:52","2017-03-16 12:30:21","C3"
3489,"2017-03-16 12:30:21","2017-03-16 12:44:18","C3"
3490,"2017-03-16 12:44:37","2017-03-16 12:45:08","T1"
3491,"2017-03-16 12:45:08","2017-03-16 12:45:37","T1"
3492,"2017-03-16 12:53:14","2017-03-16 12:53:40","C1"
3493,"2017-03-16 12:53:40","2017-03-16 12:54:39","C1"
3494,"2017-03-16 12:54:58","2017-03-16 12:55:35","T1"
3495,"2017-03-16 12:55:35","2017-03-16 12:58:23","T1"
3496,"2017-03-16 13:04:38","2017-03-16 13:05:15","O1"
3497,"2017-03-16 13:05:15","2017-03-16 13:15:28","O1"
3498,"2017-03-16 14:50:39","2017-03-16 14:50:50","C7"
3499,"2017-03-16 14:50:50","2017-03-16 14:58:28","C7"
3500,"2017-03-16 14:58:45","2017-03-16 14:59:18","P2"
3501,"2017-03-16 14:59:18","2017-03-16 15:01:30","P2"
3502,"2017-03-16 15:01:50","2017-03-16 15:02:05","C6"
3503,"2017-03-16 15:02:05","2017-03-16 15:02:49","C6"
3504,"2017-03-16 15:02:53","2017-03-16 15:03:22","C8"
3505,"2017-03-16 15:03:22","2017-03-16 15:10:54","C8"
3506,"2017-03-16 15:11:14","2017-03-16 15:11:34","P1"
3507,"2017-03-16 15:11:34","2017-03-16 15:27:14","P1"
3508,"2017-03-16 15:52:14","2017-03-16 15:52:37","C5"
3509,"2017-03-16 15:52:37","2017-03-16 15:54:48","C5"
3510,"2017-03-16 16:02:58","2017-03-16 16:04:18","C2"
3511,"2017-03-16 16:04:18","2017-03-16 16:09:02","C2"
3512,"2017-03-16 16:09:12","2017-03-16 16:09:52","C4"
3513,"2017-03-16 16:09:52","2017-03-16 16:13:53","C4"
3514,"2017-03-16 16:13:59","2017-03-16 16:14:17","C3"
3515,"2017-03-16 16:14:17","2017-03-16 16:24:47","C3"
3516,"2017-03-17 10:08:49","2017-03-17 10:09:27","C2"
3517,"2017-03-17 10:09:27","2017-03-17 10:12:00","C2"
3518,"2017-03-17 10:12:05","2017-03-17 10:12:47","C3"
3519,"2017-03-17 10:12:47","2017-03-17 10:19:46","C3"
3520,"2017-03-17 10:20:04","2017-03-17 10:20:53","O2"
3521,"2017-03-17 10:20:53","2017-03-17 10:23:03","O2"
3522,"2017-03-17 10:23:32","2017-03-17 10:24:20","C4"
3523,"2017-03-17 10:24:20","2017-03-17 10:25:35","C4"
3524,"2017-03-17 10:26:11","2017-03-17 10:27:00","C7"
3525,"2017-03-17 10:27:00","2017-03-17 10:28:13","C7"
3526,"2017-03-17 10:33:32","2017-03-17 10:34:01","C5"
3527,"2017-03-17 10:34:01","2017-03-17 10:40:11","C5"
3528,"2017-03-17 10:40:58","2017-03-17 10:41:40","C7"
3529,"2017-03-17 10:41:40","2017-03-17 10:45:35","C7"
3530,"2017-03-17 10:45:45","2017-03-17 10:46:28","C2"
3531,"2017-03-17 10:46:28","2017-03-17 10:48:06","C2"
3532,"2017-03-17 10:54:47","2017-03-17 10:55:08","C7"
3533,"2017-03-17 10:55:08","2017-03-17 11:17:45","C7"
3534,"2017-03-17 11:18:11","2017-03-17 11:18:45","P1"
3535,"2017-03-17 11:18:45","2017-03-17 11:19:38","P1"
3536,"2017-03-17 11:20:10","2017-03-17 11:20:29","C8"
3537,"2017-03-17 11:20:29","2017-03-17 11:27:59","C8"
3538,"2017-03-17 11:28:14","2017-03-17 11:28:48","T1"
3539,"2017-03-17 11:28:48","2017-03-17 11:31:44","T1"
3540,"2017-03-17 11:32:22","2017-03-17 11:32:59","P2"
3541,"2017-03-17 11:32:59","2017-03-17 11:34:31","P2"
3542,"2017-03-17 11:34:47","2017-03-17 11:35:45","O2"
3543,"2017-03-17 11:35:45","2017-03-17 11:36:10","O2"
3544,"2017-03-17 11:36:19","2017-03-17 11:36:44","C1"
3545,"2017-03-17 11:36:44","2017-03-17 11:47:01","C1"
3546,"2017-03-17 11:47:20","2017-03-17 11:47:37","C7"
3547,"2017-03-17 11:47:37","2017-03-17 11:47:59","C7"
3548,"2017-03-17 11:48:06","2017-03-17 11:48:31","O2"
3549,"2017-03-17 11:48:31","2017-03-17 11:51:52","O2"
3550,"2017-03-17 11:57:56","2017-03-17 11:58:17","C2"
3551,"2017-03-17 12:06:47","2017-03-17 12:07:17","O1"
3552,"2017-03-17 12:07:17","2017-03-17 12:12:11","O1"
3553,"2017-03-17 12:12:15","2017-03-17 12:12:38","C2"
3554,"2017-03-17 12:12:38","2017-03-17 12:13:57","C2"
3555,"2017-03-17 12:14:07","2017-03-17 12:15:11","C4"
3556,"2017-03-17 12:15:11","2017-03-17 12:17:35","C4"
3557,"2017-03-17 12:19:45","2017-03-17 12:20:17","C7"
3558,"2017-03-17 12:20:17","2017-03-17 12:24:37","C7"
3559,"2017-03-17 12:24:50","2017-03-17 12:25:59","T1"
3560,"2017-03-17 12:25:59","2017-03-17 12:29:15","T1"
3561,"2017-03-17 12:36:44","2017-03-17 12:37:16","C4"
3562,"2017-03-17 12:37:16","2017-03-17 12:42:35","C4"
3563,"2017-03-17 12:42:58","2017-03-17 12:45:58","T1"
3564,"2017-03-17 12:47:59","2017-03-17 12:48:35","C6"
3565,"2017-03-17 12:48:35","2017-03-17 12:50:38","C6"
3566,"2017-03-17 12:51:48","2017-03-17 12:52:38","C7"
3567,"2017-03-17 12:52:38","2017-03-17 12:56:32","C7"
3568,"2017-03-17 12:56:33","2017-03-17 12:56:59","C6"
3569,"2017-03-17 12:56:59","2017-03-17 12:58:00","C6"
3570,"2017-03-17 12:59:35","2017-03-17 13:00:05","C7"
3571,"2017-03-17 13:00:05","2017-03-17 13:08:16","C7"
3572,"2017-03-17 13:08:26","2017-03-17 13:09:13","C6"
3573,"2017-03-17 13:09:13","2017-03-17 13:16:55","C6"
3574,"2017-03-17 13:18:13","2017-03-17 13:18:35","C1"
3575,"2017-03-17 13:18:35","2017-03-17 13:21:39","C1"
3576,"2017-03-17 13:21:47","2017-03-17 13:22:10","O1"
3577,"2017-03-17 13:22:10","2017-03-17 13:24:54","O1"
3578,"2017-03-17 13:27:36","2017-03-17 13:28:14","P1"
3579,"2017-03-17 13:28:14","2017-03-17 13:31:50","P1"
3580,"2017-03-17 14:41:05","2017-03-17 14:41:32","T1"
3581,"2017-03-17 14:41:32","2017-03-17 14:45:24","T1"
3582,"2017-03-17 14:45:53","2017-03-17 14:46:13","C3"
3583,"2017-03-17 14:46:13","2017-03-17 14:47:34","C3"
3584,"2017-03-17 14:50:53","2017-03-17 14:51:46","O1"
3585,"2017-03-17 14:51:46","2017-03-17 14:59:17","O1"
3586,"2017-03-17 15:00:43","2017-03-17 15:01:47","C3"
3587,"2017-03-17 15:01:47","2017-03-17 15:04:29","C3"
3588,"2017-03-17 15:10:39","2017-03-17 15:11:08","C1"
3589,"2017-03-17 15:11:08","2017-03-17 15:25:20","C1"
3590,"2017-03-17 15:25:50","2017-03-17 15:26:08","C3"
3591,"2017-03-17 15:26:08","2017-03-17 15:50:37","C3"
3592,"2017-03-17 15:55:29","2017-03-17 15:56:33","C1"
3593,"2017-03-17 15:56:46","2017-03-17 15:57:10","C5"
3594,"2017-03-17 15:57:10","2017-03-17 16:01:00","C5"
3595,"2017-03-17 16:01:39","2017-03-17 16:01:58","P1"
3596,"2017-03-17 16:01:58","2017-03-17 16:03:02","P1"
3597,"2017-03-17 16:06:40","2017-03-17 16:08:11","O1"
3598,"2017-03-17 16:08:11","2017-03-17 16:25:04","O1"
3599,"2017-03-20 10:05:14","2017-03-20 10:05:43","C1"
3600,"2017-03-20 10:05:43","2017-03-20 10:06:34","C1"
3601,"2017-03-20 10:24:53","2017-03-20 10:25:24","P1"
3602,"2017-03-20 10:25:24","2017-03-20 10:33:32","P1"
3603,"2017-03-20 10:33:54","2017-03-20 10:34:36","C3"
3604,"2017-03-20 10:34:36","2017-03-20 10:37:33","C3"
3605,"2017-03-20 10:40:46","2017-03-20 10:42:42","C7"
3606,"2017-03-20 10:42:42","2017-03-20 10:52:31","C7"
3607,"2017-03-20 10:52:44","2017-03-20 10:53:05","C4"
3608,"2017-03-20 10:53:05","2017-03-20 10:55:40","C4"
3609,"2017-03-20 10:55:42","2017-03-20 10:56:09","C3"
3610,"2017-03-20 10:56:09","2017-03-20 11:02:45","C3"
3611,"2017-03-20 11:03:04","2017-03-20 11:03:43","C7"
3612,"2017-03-20 11:03:43","2017-03-20 11:04:23","C7"
3613,"2017-03-20 11:10:06","2017-03-20 11:11:40","C4"
3614,"2017-03-20 11:11:40","2017-03-20 11:12:42","C4"
3615,"2017-03-20 11:12:50","2017-03-20 11:14:10","O1"
3616,"2017-03-20 11:14:10","2017-03-20 11:23:40","O1"
3617,"2017-03-20 11:30:59","2017-03-20 11:31:43","O1"
3618,"2017-03-20 11:31:43","2017-03-20 11:43:23","O1"
3619,"2017-03-20 11:44:23","2017-03-20 11:45:13","C1"
3620,"2017-03-20 11:45:13","2017-03-20 11:47:22","C1"
3621,"2017-03-20 11:49:12","2017-03-20 11:50:02","O1"
3622,"2017-03-20 11:50:02","2017-03-20 11:55:44","O1"
3623,"2017-03-20 12:00:04","2017-03-20 12:00:53","C1"
3624,"2017-03-20 12:00:53","2017-03-20 12:03:57","C1"
3625,"2017-03-20 12:04:10","2017-03-20 12:04:29","C1"
3626,"2017-03-20 12:04:29","2017-03-20 12:07:26","C1"
3627,"2017-03-20 12:07:28","2017-03-20 12:08:18","C2"
3628,"2017-03-20 12:08:18","2017-03-20 12:09:52","C2"
3629,"2017-03-20 12:12:51","2017-03-20 12:13:06","C1"
3630,"2017-03-20 12:13:06","2017-03-20 12:16:22","C1"
3631,"2017-03-20 12:16:36","2017-03-20 12:16:58","C2"
3632,"2017-03-20 12:16:58","2017-03-20 12:22:51","C2"
3633,"2017-03-20 12:23:01","2017-03-20 12:23:35","C4"
3634,"2017-03-20 12:23:35","2017-03-20 12:25:58","C4"
3635,"2017-03-20 12:31:49","2017-03-20 12:32:02","C4"
3636,"2017-03-20 12:32:02","2017-03-20 12:32:45","C4"
3637,"2017-03-20 12:33:20","2017-03-20 12:34:10","T1"
3638,"2017-03-20 12:34:10","2017-03-20 12:41:10","T1"
3639,"2017-03-20 12:41:50","2017-03-20 12:42:26","C3"
3640,"2017-03-20 12:42:26","2017-03-20 12:46:19","C3"
3641,"2017-03-20 12:47:03","2017-03-20 12:47:17","C6"
3642,"2017-03-20 12:47:17","2017-03-20 13:01:30","C6"
3643,"2017-03-20 13:01:45","2017-03-20 13:02:39","C3"
3644,"2017-03-20 13:02:39","2017-03-20 13:04:54","C3"
3645,"2017-03-20 14:56:37","2017-03-20 14:56:50","C7"
3646,"2017-03-20 14:56:50","2017-03-20 14:58:36","C7"
3647,"2017-03-20 15:07:35","2017-03-20 15:08:15","C7"
3648,"2017-03-20 15:08:15","2017-03-20 15:14:27","C7"
3649,"2017-03-20 15:21:16","2017-03-20 15:21:42","C4"
3650,"2017-03-20 15:21:42","2017-03-20 15:42:19","C4"
3651,"2017-03-20 15:42:45","2017-03-20 15:42:59","C7"
3652,"2017-03-20 15:42:59","2017-03-20 15:49:40","C7"
3653,"2017-03-20 15:49:54","2017-03-20 15:50:40","C1"
3654,"2017-03-20 15:50:40","2017-03-20 15:53:08","C1"
3655,"2017-03-20 16:04:30","2017-03-20 16:04:45","C1"
3656,"2017-03-20 16:04:45","2017-03-20 16:06:46","C1"
3657,"2017-03-20 16:07:20","2017-03-20 16:07:40","C4"
3658,"2017-03-20 16:07:40","2017-03-20 16:18:40","C4"
3659,"2017-03-20 16:18:50","2017-03-20 16:19:42","C8"
3660,"2017-03-20 16:19:42","2017-03-20 16:24:50","C8"
3661,"2017-03-21 10:10:42","2017-03-21 10:11:10","C6"
3662,"2017-03-21 10:11:10","2017-03-21 10:12:22","C6"
3663,"2017-03-21 10:12:41","2017-03-21 10:13:04","C7"
3664,"2017-03-21 10:13:04","2017-03-21 10:13:25","C7"
3665,"2017-03-21 10:17:26","2017-03-21 10:18:28","C4"
3666,"2017-03-21 10:18:28","2017-03-21 10:27:48","C4"
3667,"2017-03-21 10:41:54","2017-03-21 10:42:27","C6"
3668,"2017-03-21 10:42:27","2017-03-21 10:47:16","C6"
3669,"2017-03-21 10:47:30","2017-03-21 10:50:32","C3"
3670,"2017-03-21 10:50:32","2017-03-21 10:56:08","C3"
3671,"2017-03-21 10:56:29","2017-03-21 10:56:49","C6"
3672,"2017-03-21 10:56:49","2017-03-21 10:57:17","C6"
3673,"2017-03-21 10:57:35","2017-03-21 10:58:05","C5"
3674,"2017-03-21 10:58:05","2017-03-21 10:59:57","C5"
3675,"2017-03-21 11:00:05","2017-03-21 11:01:49","C2"
3676,"2017-03-21 11:01:49","2017-03-21 11:05:55","C2"
3677,"2017-03-21 11:16:28","2017-03-21 11:16:53","C3"
3678,"2017-03-21 11:16:53","2017-03-21 11:18:51","C3"
3679,"2017-03-21 11:18:58","2017-03-21 11:19:37","C2"
3680,"2017-03-21 11:19:37","2017-03-21 11:28:16","C2"
3681,"2017-03-21 11:28:30","2017-03-21 11:28:50","C6"
3682,"2017-03-21 11:28:50","2017-03-21 11:36:01","C6"
3683,"2017-03-21 11:36:20","2017-03-21 11:37:04","C8"
3684,"2017-03-21 11:37:04","2017-03-21 11:42:38","C8"
3685,"2017-03-21 11:43:01","2017-03-21 11:43:29","C1"
3686,"2017-03-21 11:43:29","2017-03-21 11:44:27","C1"
3687,"2017-03-21 12:05:40","2017-03-21 12:06:31","O1"
3688,"2017-03-21 12:06:31","2017-03-21 12:10:50","O1"
3689,"2017-03-21 12:10:57","2017-03-21 12:11:13","C3"
3690,"2017-03-21 12:11:13","2017-03-21 12:21:25","C3"
3691,"2017-03-21 12:21:39","2017-03-21 12:22:27","C6"
3692,"2017-03-21 12:22:27","2017-03-21 12:29:23","C6"
3693,"2017-03-21 12:29:40","2017-03-21 12:30:32","C1"
3694,"2017-03-21 12:30:32","2017-03-21 12:55:49","C1"
3695,"2017-03-21 12:56:28","2017-03-21 12:56:49","C4"
3696,"2017-03-21 12:56:49","2017-03-21 12:57:25","C4"
3697,"2017-03-21 15:10:49","2017-03-21 15:11:09","C6"
3698,"2017-03-21 15:11:09","2017-03-21 15:13:57","C6"
3699,"2017-03-21 15:24:35","2017-03-21 15:25:24","C4"
3700,"2017-03-21 15:25:24","2017-03-21 15:27:35","C4"
3701,"2017-03-21 15:28:15","2017-03-21 15:28:39","C1"
3702,"2017-03-21 15:28:39","2017-03-21 15:31:14","C1"
3703,"2017-03-21 15:31:33","2017-03-21 15:32:11","C4"
3704,"2017-03-21 15:32:11","2017-03-21 15:36:40","C4"
3705,"2017-03-21 15:55:08","2017-03-21 15:56:07","C1"
3706,"2017-03-21 15:56:07","2017-03-21 15:56:32","C1"
3707,"2017-03-21 16:08:43","2017-03-21 16:09:06","C8"
3708,"2017-03-21 16:09:06","2017-03-21 16:14:15","C8"
3709,"2017-03-22 10:06:55","2017-03-22 10:07:23","C1"
3710,"2017-03-22 10:07:23","2017-03-22 10:09:14","C1"
3711,"2017-03-22 10:09:21","2017-03-22 10:09:49","O1"
3712,"2017-03-22 10:09:49","2017-03-22 10:10:31","O1"
3713,"2017-03-22 10:10:37","2017-03-22 10:10:56","C7"
3714,"2017-03-22 10:10:56","2017-03-22 10:11:13","C7"
3715,"2017-03-22 10:11:30","2017-03-22 10:11:45","P2"
3716,"2017-03-22 10:11:45","2017-03-22 10:16:18","P2"
3717,"2017-03-22 10:16:54","2017-03-22 10:17:24","O1"
3718,"2017-03-22 10:17:24","2017-03-22 10:18:59","O1"
3719,"2017-03-22 10:27:05","2017-03-22 10:28:04","C3"
3720,"2017-03-22 10:28:04","2017-03-22 10:33:45","C3"
3721,"2017-03-22 10:33:58","2017-03-22 10:35:59","T1"
3722,"2017-03-22 10:35:59","2017-03-22 10:38:16","T1"
3723,"2017-03-22 10:40:54","2017-03-22 10:41:15","C1"
3724,"2017-03-22 10:41:15","2017-03-22 10:41:57","C1"
3725,"2017-03-22 10:42:04","2017-03-22 10:42:33","O2"
3726,"2017-03-22 10:42:33","2017-03-22 10:59:27","O2"
3727,"2017-03-22 10:59:42","2017-03-22 11:00:01","P1"
3728,"2017-03-22 11:00:01","2017-03-22 11:02:14","P1"
3729,"2017-03-22 11:03:59","2017-03-22 11:04:49","O1"
3730,"2017-03-22 11:04:49","2017-03-22 11:17:13","O1"
3731,"2017-03-22 11:17:53","2017-03-22 11:19:29","C3"
3732,"2017-03-22 11:48:08","2017-03-22 11:48:20","P2"
3733,"2017-03-22 11:48:20","2017-03-22 11:48:36","P2"
3734,"2017-03-22 11:48:49","2017-03-22 11:51:42","T1"
3735,"2017-03-22 11:51:42","2017-03-22 11:55:19","T1"
3736,"2017-03-22 11:58:34","2017-03-22 11:58:55","C3"
3737,"2017-03-22 11:58:55","2017-03-22 12:10:44","C3"
3738,"2017-03-22 12:11:10","2017-03-22 12:11:35","P1"
3739,"2017-03-22 12:11:35","2017-03-22 12:14:48","P1"
3740,"2017-03-22 12:15:20","2017-03-22 12:16:04","O1"
3741,"2017-03-22 12:16:04","2017-03-22 12:24:51","O1"
3742,"2017-03-22 12:25:05","2017-03-22 12:25:42","C3"
3743,"2017-03-22 12:29:59","2017-03-22 12:30:10","C2"
3744,"2017-03-22 12:30:10","2017-03-22 12:31:20","C2"
3745,"2017-03-22 14:46:58","2017-03-22 14:47:15","C2"
3746,"2017-03-22 14:47:15","2017-03-22 14:50:02","C2"
3747,"2017-03-22 15:07:10","2017-03-22 15:09:15","C6"
3748,"2017-03-22 15:09:15","2017-03-22 15:09:55","C6"
3749,"2017-03-22 15:14:09","2017-03-22 15:14:52","C6"
3750,"2017-03-22 15:14:52","2017-03-22 15:17:10","C6"
3751,"2017-03-22 15:17:30","2017-03-22 15:17:47","C2"
3752,"2017-03-22 15:17:47","2017-03-22 15:18:25","C2"
3753,"2017-03-22 15:19:16","2017-03-22 15:20:31","C8"
3754,"2017-03-22 15:20:31","2017-03-22 15:22:55","C8"
3755,"2017-03-22 15:45:39","2017-03-22 15:45:57","P1"
3756,"2017-03-22 15:45:57","2017-03-22 15:51:46","P1"
3757,"2017-03-22 15:52:05","2017-03-22 15:52:36","C6"
3758,"2017-03-22 15:52:36","2017-03-22 15:56:38","C6"
3759,"2017-03-22 16:22:58","2017-03-22 16:23:11","O1"
3760,"2017-03-22 16:23:11","2017-03-22 16:27:07","O1"
3761,"2017-03-22 16:27:26","2017-03-22 16:27:39","P2"
3762,"2017-03-22 16:27:39","2017-03-22 16:29:04","P2"
3763,"2017-03-23 10:10:15","2017-03-23 10:11:36","C3"
3764,"2017-03-23 10:11:36","2017-03-23 10:14:45","C3"
3765,"2017-03-23 10:14:51","2017-03-23 10:16:45","C4"
3766,"2017-03-23 10:16:45","2017-03-23 10:17:20","C4"
3767,"2017-03-23 10:17:23","2017-03-23 10:17:37","C3"
3768,"2017-03-23 10:17:37","2017-03-23 10:23:49","C3"
3769,"2017-03-23 10:23:59","2017-03-23 10:25:52","C6"
3770,"2017-03-23 10:25:52","2017-03-23 10:29:56","C6"
3771,"2017-03-23 10:32:51","2017-03-23 10:33:10","C6"
3772,"2017-03-23 10:33:10","2017-03-23 10:33:26","C6"
3773,"2017-03-23 10:37:01","2017-03-23 10:37:54","C4"
3774,"2017-03-23 10:37:54","2017-03-23 10:38:33","C4"
3775,"2017-03-23 10:38:46","2017-03-23 10:39:07","C6"
3776,"2017-03-23 10:39:07","2017-03-23 10:42:33","C6"
3777,"2017-03-23 10:57:30","2017-03-23 10:58:24","C4"
3778,"2017-03-23 10:58:24","2017-03-23 10:59:24","C4"
3779,"2017-03-23 10:59:37","2017-03-23 10:59:59","C6"
3780,"2017-03-23 10:59:59","2017-03-23 11:00:36","C6"
3781,"2017-03-23 11:00:45","2017-03-23 11:01:48","C8"
3782,"2017-03-23 11:01:48","2017-03-23 11:11:25","C8"
3783,"2017-03-23 11:34:28","2017-03-23 11:34:47","P1"
3784,"2017-03-23 11:34:47","2017-03-23 11:35:29","P1"
3785,"2017-03-23 11:43:20","2017-03-23 11:43:55","C8"
3786,"2017-03-23 11:43:55","2017-03-23 11:46:17","C8"
3787,"2017-03-23 11:51:16","2017-03-23 11:56:33","C8"
3788,"2017-03-23 11:56:40","2017-03-23 11:56:57","C6"
3789,"2017-03-23 11:56:57","2017-03-23 11:57:30","C6"
3790,"2017-03-23 11:57:32","2017-03-23 11:57:59","C7"
3791,"2017-03-23 11:57:59","2017-03-23 12:02:09","C7"
3792,"2017-03-23 12:02:19","2017-03-23 12:04:25","C3"
3793,"2017-03-23 12:04:25","2017-03-23 12:07:38","C3"
3794,"2017-03-23 12:07:52","2017-03-23 12:08:12","O2"
3795,"2017-03-23 12:08:12","2017-03-23 12:20:35","O2"
3796,"2017-03-23 12:20:45","2017-03-23 12:22:30","C1"
3797,"2017-03-23 12:22:30","2017-03-23 12:25:00","C1"
3798,"2017-03-23 12:35:35","2017-03-23 12:36:06","C1"
3799,"2017-03-23 12:36:06","2017-03-23 12:50:15","C1"
3800,"2017-03-23 15:21:03","2017-03-23 15:21:25","O1"
3801,"2017-03-23 15:21:25","2017-03-23 15:22:48","O1"
3802,"2017-03-23 15:23:01","2017-03-23 15:23:18","P1"
3803,"2017-03-23 15:23:18","2017-03-23 15:36:22","P1"
3804,"2017-03-23 15:38:10","2017-03-23 15:38:24","O2"
3805,"2017-03-23 15:38:24","2017-03-23 15:38:49","O2"
3806,"2017-03-23 15:52:20","2017-03-23 15:54:10","P2"
3807,"2017-03-23 15:54:15","2017-03-23 15:54:36","P1"
3808,"2017-03-23 15:54:36","2017-03-23 15:57:32","P1"
3809,"2017-03-23 15:57:34","2017-03-23 15:58:01","P2"
3810,"2017-03-23 15:58:01","2017-03-23 16:06:11","P2"
3811,"2017-03-23 16:18:20","2017-03-23 16:18:40","P2"
3812,"2017-03-23 16:18:40","2017-03-23 16:20:37","P2"
3813,"2017-03-23 16:20:40","2017-03-23 16:20:56","P1"
3814,"2017-03-23 16:20:56","2017-03-23 16:21:36","P1"
3815,"2017-03-24 10:15:56","2017-03-24 10:16:08","C4"
3816,"2017-03-24 10:16:08","2017-03-24 10:22:11","C4"
3817,"2017-03-24 10:22:14","2017-03-24 10:23:38","C3"
3818,"2017-03-24 10:23:38","2017-03-24 10:29:07","C3"
3819,"2017-03-24 10:31:56","2017-03-24 10:32:53","C4"
3820,"2017-03-24 10:32:53","2017-03-24 10:40:30","C4"
3821,"2017-03-24 10:40:39","2017-03-24 10:41:08","C5"
3822,"2017-03-24 10:41:08","2017-03-24 10:44:40","C5"
3823,"2017-03-24 10:45:13","2017-03-24 10:45:53","O2"
3824,"2017-03-24 10:45:53","2017-03-24 10:47:35","O2"
3825,"2017-03-24 10:48:07","2017-03-24 10:48:30","C7"
3826,"2017-03-24 10:48:30","2017-03-24 10:50:01","C7"
3827,"2017-03-24 10:56:29","2017-03-24 10:57:45","P1"
3828,"2017-03-24 10:57:45","2017-03-24 11:08:25","P1"
3829,"2017-03-24 11:08:38","2017-03-24 11:09:04","C2"
3830,"2017-03-24 11:09:04","2017-03-24 11:11:05","C2"
3831,"2017-03-24 11:11:10","2017-03-24 11:12:25","C3"
3832,"2017-03-24 11:12:30","2017-03-24 11:13:10","C1"
3833,"2017-03-24 11:13:10","2017-03-24 11:28:49","C1"
3834,"2017-03-24 11:28:58","2017-03-24 11:29:14","C5"
3835,"2017-03-24 11:29:14","2017-03-24 11:30:59","C5"
3836,"2017-03-24 11:31:04","2017-03-24 11:31:29","C3"
3837,"2017-03-24 11:31:29","2017-03-24 11:33:42","C3"
3838,"2017-03-24 11:33:46","2017-03-24 11:33:59","C2"
3839,"2017-03-24 11:33:59","2017-03-24 11:41:53","C2"
3840,"2017-03-24 11:42:03","2017-03-24 11:42:50","C6"
3841,"2017-03-24 11:42:50","2017-03-24 11:46:49","C6"
3842,"2017-03-24 11:49:09","2017-03-24 11:49:38","O2"
3843,"2017-03-24 11:49:38","2017-03-24 11:50:57","O2"
3844,"2017-03-24 12:05:30","2017-03-24 12:06:43","C2"
3845,"2017-03-24 12:06:43","2017-03-24 12:11:16","C2"
3846,"2017-03-24 12:13:49","2017-03-24 12:14:29","C3"
3847,"2017-03-24 12:14:29","2017-03-24 12:19:08","C3"
3848,"2017-03-24 12:42:04","2017-03-24 12:42:52","C2"
3849,"2017-03-24 12:42:52","2017-03-24 12:51:41","C2"
3850,"2017-03-24 13:08:10","2017-03-24 13:08:34","C2"
3851,"2017-03-24 13:08:34","2017-03-24 13:12:32","C2"
3852,"2017-03-24 13:12:34","2017-03-24 13:12:50","C1"
3853,"2017-03-24 13:12:50","2017-03-24 13:13:46","C1"
3854,"2017-03-24 13:13:54","2017-03-24 13:14:06","C2"
3855,"2017-03-24 13:14:06","2017-03-24 13:29:32","C2"
3856,"2017-03-24 15:06:45","2017-03-24 15:07:08","C4"
3857,"2017-03-24 15:07:08","2017-03-24 15:10:08","C4"
3858,"2017-03-24 15:18:23","2017-03-24 15:18:46","C7"
3859,"2017-03-24 15:18:46","2017-03-24 15:27:23","C7"
3860,"2017-03-24 15:35:59","2017-03-24 15:36:25","C3"
3861,"2017-03-24 15:36:25","2017-03-24 15:37:05","C3"
3862,"2017-03-24 16:13:56","2017-03-24 16:14:33","C5"
3863,"2017-03-24 16:14:33","2017-03-24 16:14:53","C5"
3864,"2017-03-24 16:23:27","2017-03-24 16:23:45","C5"
3865,"2017-03-24 16:23:45","2017-03-24 16:24:22","C5"
3866,"2017-03-24 16:24:43","2017-03-24 16:25:00","C6"
3867,"2017-03-24 16:25:00","2017-03-24 16:32:57","C6"
3868,"2017-03-27 10:17:45","2017-03-27 10:19:29","O1"
3869,"2017-03-27 10:19:42","2017-03-27 10:20:51","O2"
3870,"2017-03-27 10:20:51","2017-03-27 10:44:18","O2"
3871,"2017-03-27 10:44:25","2017-03-27 10:45:01","P1"
3872,"2017-03-27 10:45:01","2017-03-27 10:48:58","P1"
3873,"2017-03-27 10:49:12","2017-03-27 10:49:36","O1"
3874,"2017-03-27 10:49:36","2017-03-27 10:51:41","O1"
3875,"2017-03-27 10:54:09","2017-03-27 10:54:54","C1"
3876,"2017-03-27 10:54:54","2017-03-27 10:57:00","C1"
3877,"2017-03-27 10:57:26","2017-03-27 10:58:02","C8"
3878,"2017-03-27 10:58:02","2017-03-27 10:59:55","C8"
3879,"2017-03-27 11:00:05","2017-03-27 11:00:41","C7"
3880,"2017-03-27 11:00:41","2017-03-27 11:03:02","C7"
3881,"2017-03-27 11:03:21","2017-03-27 11:05:22","T1"
3882,"2017-03-27 11:05:22","2017-03-27 11:13:40","T1"
3883,"2017-03-27 11:13:48","2017-03-27 11:14:49","O2"
3884,"2017-03-27 11:14:49","2017-03-27 11:19:31","O2"
3885,"2017-03-27 11:19:40","2017-03-27 11:20:03","P1"
3886,"2017-03-27 11:20:03","2017-03-27 11:24:12","P1"
3887,"2017-03-27 11:24:42","2017-03-27 11:25:19","C2"
3888,"2017-03-27 11:25:19","2017-03-27 11:27:11","C2"
3889,"2017-03-27 11:27:37","2017-03-27 11:28:25","C4"
3890,"2017-03-27 11:28:25","2017-03-27 11:30:13","C4"
3891,"2017-03-27 11:40:32","2017-03-27 11:41:29","O1"
3892,"2017-03-27 11:41:29","2017-03-27 11:43:41","O1"
3893,"2017-03-27 11:46:47","2017-03-27 11:47:17","T1"
3894,"2017-03-27 11:47:17","2017-03-27 11:49:39","T1"
3895,"2017-03-27 11:50:06","2017-03-27 11:50:38","C2"
3896,"2017-03-27 11:50:38","2017-03-27 11:52:11","C2"
3897,"2017-03-27 11:52:42","2017-03-27 11:53:01","C7"
3898,"2017-03-27 11:53:01","2017-03-27 11:53:28","C7"
3899,"2017-03-27 11:53:40","2017-03-27 11:53:43","C6"
3900,"2017-03-27 11:53:43","2017-03-27 11:54:34","C6"
3901,"2017-03-27 11:56:09","2017-03-27 11:56:47","O2"
3902,"2017-03-27 11:56:47","2017-03-27 11:57:27","O2"
3903,"2017-03-27 12:03:34","2017-03-27 12:04:05","C1"
3904,"2017-03-27 12:04:15","2017-03-27 12:04:44","T1"
3905,"2017-03-27 12:04:44","2017-03-27 12:08:30","T1"
3906,"2017-03-27 12:12:36","2017-03-27 12:13:09","C1"
3907,"2017-03-27 12:13:09","2017-03-27 12:20:51","C1"
3908,"2017-03-27 12:23:46","2017-03-27 12:24:16","O2"
3909,"2017-03-27 12:24:16","2017-03-27 12:49:11","O2"
3910,"2017-03-27 12:45:18","2017-03-27 12:46:22","C8"
3911,"2017-03-27 12:46:22","2017-03-27 12:49:38","C8"
3912,"2017-03-27 12:49:53","2017-03-27 12:50:19","C1"
3913,"2017-03-27 12:50:19","2017-03-27 12:54:22","C1"
3914,"2017-03-27 14:43:09","2017-03-27 14:43:41","C8"
3915,"2017-03-27 14:43:41","2017-03-27 14:46:20","C8"
3916,"2017-03-27 14:46:27","2017-03-27 14:46:40","C7"
3917,"2017-03-27 14:46:40","2017-03-27 14:47:22","C7"
3918,"2017-03-27 14:51:53","2017-03-27 14:53:07","O1"
3919,"2017-03-27 14:53:07","2017-03-27 15:10:39","O1"
3920,"2017-03-27 15:11:53","2017-03-27 15:12:25","P2"
3921,"2017-03-27 15:12:25","2017-03-27 15:14:29","P2"
3922,"2017-03-27 15:28:40","2017-03-27 15:29:05","P2"
3923,"2017-03-27 15:29:05","2017-03-27 15:48:59","P2"
3924,"2017-03-27 15:49:15","2017-03-27 15:50:05","O2"
3925,"2017-03-27 15:50:05","2017-03-27 15:52:20","O2"
3926,"2017-03-27 16:25:00","2017-03-27 16:26:07","C7"
3927,"2017-03-27 16:26:07","2017-03-27 16:28:15","C7"
3928,"2017-03-27 16:28:23","2017-03-27 16:29:18","O1"
3929,"2017-03-27 16:29:18","2017-03-27 16:30:54","O1"
